street,type,district
9-го Травня,вулиця,Святошинський
Абрикосова,вулиця,Оболонський
Абрикосова,вулиця,Дарницький
Абрикосова,вулиця,Подільський
Августина Волошина,вулиця,Солом’янський
Авдєєнка Генерала,вулиця,Святошинський
Автозаводська,вулиця,Оболонський
Автозаводський ,провулок,Оболонський
Автопаркова,вулиця,Дарницький
Авторемонтна,вулиця,Солом'янський
Автотранспортна,вулиця,Дарницький
Агітаторська,вулиця,Солом'янський
Агрегатна,вулиця,Оболонський
Аеродромна,вулиця,Солом'янський
Азербайджанська,вулиця,Дніпровський
Азовська,вулиця,Солом'янський
Айвазовського,провулок,Шевченківський
Академіка Єфремова,вулиця,Святошинський
Академіка Оппокова,вулиця,Оболонський
Академіка Ромоданова,вулиця,Шевченківський
Академіка Тронька,вулиця,Голосіївський
Акацієвий,провулок,Дарницький
Алексухіна Василя,вулиця,Святошинський
Алли Горської,провулок,Шевченківський
Алматинська,вулиця,Дніпровський
Аляб'єва,вулиця,Оболонський
Аманда Струве,вулиця,Оболонський
Аміни Окуєвої ,вулиця,Шевченківський
Амосова Миколи,вулиця,Солом'янський
Амурська,вулиця,Голосіївський
Амурська,площа,Голосіївський
Ананасна,вулиця,Подільський
Анатоліївська,вулиця,Деснянський
Анатолія Кентія,вулиця,Голосіївський
Анатолія Лупиноса,вулиця,Солом’янський
Анатолія Солов'яненка,вулиця,Дніпровський
Андріївська,вулиця,Подільський
Андріївський ,узвіз,Подільський
Андрія Аболмасова ,вулиця,Дніпровський
Андрія Кизила,вулиця,Дарницький
Андрія Меленського,вулиця,Голосіївський
Андрія Ніковського,вулиця,Голосіївський
Андрія Первозванного,площа,Печерський
Андрющенка Григорія,вулиця,Шевченківський
Анкари,площа,Деснянський
Анни Ярославни,вулиця,Святошинський
Антіна Ждановича,вулиця,Солом'янський
Антона Цедіка,вулиця,Шевченківський
Антоненка-Давидовича Бориса,вулиця,Дарницький
Антоні Новосельського,вулиця,Святошинський
Антонова Авіаконструктора,вулиця,Солом'янський
Антоновича,вулиця,"Голосіївський, Печерський"
Ареф'єва Костянтина,вулиця,Дарницький
Аркасівська,вулиця,Оболонський
Армійська ,вулиця,Голосіївський
Арсенальна ,площа,Печерський
Арсенальна ,вулиця,Печерський
Арсенальний,провулок,Печерський
Артезіанський,провулок,Подільський
Артемія Веделя,вулиця,Голосіївський
Артилерійський,провулок,Шевченківський
Архипа Люльки,вулиця,Солом’янський
Архипенка Олександра,вулиця,Оболонський
Архітектора Дяченка,вулиця,Голосіївський
Архітектора Кобелєва,вулиця,Солом'янський
Архітекторська,вулиця,Солом'янський
Аскольдів,провулок,Печерський
Астраханська,вулиця,Дніпровський
Астраханський,провулок,Дніпровський
Астрономічна,вулиця,Святошинський
Атени Пашко,вулиця,Голосіївський
Аттили Могильного,вулиця,Солом’янський
Ахматової Анни,вулиця,Дарницький
Бабушкіна,провулок,Шевченківський
Багговутівська,вулиця,Шевченківський
Багратіона,вулиця,Солом'янський
Багряна Дуброва,вулиця,Голосіївський
Багряного Івана,вулиця,Дніпровський
Бажана Миколи,проспект,Дарницький
Бажова,вулиця,Дніпровський
Байкальська,вулиця,Голосіївський
Байкова,вулиця,Голосіївський
Бакинська,вулиця,Шевченківський
Бакинський,провулок,Шевченківський
Баклажанна,вулиця,Подільський
Бакуніна,вулиця,Солом'янський
Балакірева,вулиця,Голосіївський
Балаклієвська,вулиця,Шевченківський
Балтійський,провулок,Оболонський
Бальзака Оноре де,вулиця,Деснянський
Банкова,вулиця,Печерський
Баренбойма,вулиця,Голосіївський
Барикадна,вулиця,Голосіївський
Баришівська,вулиця,Печерський
Басейна,вулиця,"Печерський, Шевченківський"
Бастіонна,вулиця,Печерський
Бастіонний,провулок,Печерський
Батумська,вулиця,Голосіївський
Батуринська,вулиця,Дарницький
Батуринський  ,провулок,Дарницький
Баха Академіка ,вулиця,Дніпровський
Бахмацька,вулиця,Святошинський
Бджолиний,провулок,Дарницький
Безручка Марка,вулиця,Шевченківський
Бердичівська,вулиця,Шевченківський
Бердянська,вулиця,Шевченківський
Бердянський,провулок,Шевченківський
Берегова,вулиця,Деснянський
Бережанська,вулиця,Оболонський
Березнева,вулиця,Дніпровський
Березнева,вулиця,Дарницький
Березневий,провулок,Дарницький
Березневий 3,провулок,Дарницький
Березняківська,вулиця,Дніпровський
Березова,вулиця,Солом'янський
Берестецька,вулиця,Оболонський
Беретті Вікентія,вулиця,Деснянський
Берізоньки (Озерна 14),вулиця,Дарницький
Берковецька,вулиця,Святошинський
Берлінського Максима,вулиця,Шевченківський
Бессарабська,площа,Шевченківський
Бестужева Олександра,провулок,Подільський
Бестужева Олександра,вулиця,Подільський
Бетховена,вулиця,Святошинський
Бехтерівський,провулок,Шевченківський
Биківнянська,вулиця,Деснянський
Биківнянський,провулок,Деснянський
Биківський,провулок,Подільський
Бикова Леоніда,бульвар,Деснянський
Бишівський,провулок,Дніпровський
Бігова ,вулиця,Деснянський
Білаша Олександра,вулиця,Деснянський
Білгородська,вулиця,Солом'янський
Білецького Академіка,вулиця,Солом'янський
Білицька,вулиця,Подільський
Білицький,провулок,Подільський
Біличанська,вулиця,Святошинський
Білогородська,вулиця,Святошинський
Білокур Катерини,вулиця,Печерський
Біломорська,вулиця,Деснянський
Білоруська,вулиця,Шевченківський
Біляшівського Академіка,вулиця,Святошинський
Бірюзова Маршала,вулиця,Святошинський
Блакитного,вулиця,Голосіївський
Блока Олександра,вулиця,Святошинський
Бобринецька,вулиця,Деснянський
Бобринецький,провулок,Деснянський
Бобруйський,провулок,Подільський
Богатирська,вулиця,Оболонський
Богатирський,проїзд,Оболонський
Богдана Гаврилишина,вулиця,Шевченківський
Богданівська,вулиця,Солом'янський
Богданівський,провулок,Солом'янський
Богомольця Академіка,вулиця,Печерський
Богуна Івана,вулиця,Дарницький
Богунська,вулиця,Голосіївський
Богунський,провулок,Голосіївський
Богуславський,узвіз,Подільський
Богушевський,провулок,Деснянський
Божків Яр,вулиця,Солом'янський
Бойка Івана,вулиця,Дарницький
Бойова,вулиця,Голосіївський
Бойчука Михайла,вулиця,Печерський
Болбочана Петра,вулиця,Печерський
Болсуновська,вулиця,Печерський
Бондарська,вулиця,Подільський
Бондарський,провулок,Подільський
Бориса Матюшенка,вулиця,Голосіївський
Бориса Мозолевського,вулиця,Голосіївський
Бориса Тена,вулиця,Голосіївський
Бориса Шахліна,провулок,Голосіївський
Бориславська,вулиця,Солом'янський
Борисоглібська,вулиця,Подільський
Бориспільська,вулиця,Дарницький
Бориспільське,шосе,Дарницький
Боричів ,узвіз,Подільський
Боричів Тік,вулиця,Подільський
Борова,вулиця,Дарницький
Борова,вулиця,Дарницький
Боровий,провулок,Дарницький
Боровий,провулок,Дарницький (Бортничі)
Боровиковського,вулиця,Оболонський
Боровинська,вулиця,Подільський
Боровиченко Марії,вулиця,Голосіївський
Бородянський ,провулок,Святошинський
Бортницька,вулиця,Дарницький
Бортницька,вулиця,Дарницький
Бортницький,провулок,Дарницький
Бортницький 1,провулок,Дарницький
Бортницький 2,провулок,Дарницький
Борщагівська,вулиця,"Солом'янський, Шевченківський "
Ботанічна,площа,Шевченківський
Боткіна,вулиця,Солом'янський
Брановицького Ігоря,вулиця,Печерський
Братиславська,вулиця,"Деснянський, Дніпровський"
Братів Зерових,вулиця,Солом'янський
Братів Шеметів,вулиця,Голосіївський
Братська,вулиця,Подільський
Брацлавська,вулиця,Дарницький
Брест-Литовський,провулок,Шевченківський
Брестська,вулиця,Подільський
Броварський,провулок,Деснянський
Броварський,проспект,"Деснянський, Дніпровський"
Бродівська,вулиця,Голосіївський
Бродівський,провулок,Голосіївський
Брусилівська,вулиця,Святошинський
Брюлова,вулиця,Солом'янський
Брюсова,вулиця,Подільський
Брянська,вулиця,Солом'янський
Бугорна ,вулиця,Шевченківський
Бугорний,провулок,Шевченківський
Бударіна,вулиця,Святошинський
Будищанська,вулиця,Деснянський
Будівельників,провулок,Дніпровський
Будівельників,вулиця,Дніпровський
Будівельників,вулиця,Деснянський
Будівельників,провулок,Святошинський
Будіндустрії,вулиця,Голосіївський
Бузинова,вулиця,Дарницький
Буйка Професора,вулиця,Голосіївський
Букіної Раїси,вулиця,Святошинський
Букіної Раїси,провулок,Святошинський
Буковинська,вулиця,Голосіївський
Буковинський,провулок,Голосіївський
Булаховського Академіка,вулиця,Святошинський
Булгакова,вулиця,Святошинський
Бульварно-Кудрявська,вулиця,Шевченківський
Бурденка,провулок,Подільський
Бурмистенка,вулиця,Голосіївський
Бурмистенка,провулок,Голосіївський
Буслівська,вулиця,Печерський
Бутишів,провулок,Печерський
Бутлерова Академіка,вулиця,Дніпровський
Бучанська,вулиця,Святошинський
Бучми Амвросія,бульвар,Дніпровський
В’ячеслава Липинського,вулиця,Шевченківський
Вавілових,вулиця,Шевченківський
Вакуленчука,вулиця,Дарницький
Вакуленчука,провулок,Дарницький
Валентина Отамановського,вулиця,Голосіївський
Валерія Марченка,площа,"Подільський, Шевченківський"
Валер'яна Підмогильного,вулиця,Голосіївський
Валківська,вулиця,Подільський
Василенка Миколи,вулиця,Солом'янський
Василівська,вулиця,Солом'янський
Васильківська,вулиця,Голосіївський
Васильківський,провулок,Голосіївський
Васильченка,вулиця,Солом'янський
Василя Барки,вулиця,Солом’янський
Василя Біднова,вулиця,Деснянський
Василя Вишиваного,вулиця,Дніпровський
Василя Макуха,вулиця,Шевченківський
Василя Седляра,вулиця,Солом'янський
Василя Тютюнника,вулиця,Печерський
Василя Щавинського,вулиця,Деснянський
Васнецова,вулиця,Дніпровський
Ватутіна,вулиця,Солом'янський
Ватутінський,провулок,Деснянський
Ващенка Григорія,вулиця,Дарницький
Введенська,вулиця,Подільський
Велика Васильківська,вулиця,"Голосіївський, Шевченківський, Печерський"
Велика Житомирська,вулиця,Шевченківський
Велика Китаївська,вулиця,Голосіївський
Велика Кільцева,дорога,Оболонський
Велика Окружна,вулиця,Святошинський
Вербицького Архітектора,вулиця,Дарницький
Вербна,вулиця,Оболонський
Вербний,провулок,Деснянський
Вербова,вулиця,Оболонський
Верболозна,вулиця,Подільський
Верболозний,провулок,Подільський
Вересая Остапа,вулиця,Деснянський
Вересковий,провулок,Дарницький
Вереснева,вулиця,Дарницький
Верещагіна,вулиця,Подільський
Вернадського Академіка,бульвар,Святошинський
Верхній,провулок,Печерський
Верхній Вал,вулиця,Подільський
Верхньогірська,вулиця,Печерський
Верхньоключова,вулиця,Солом'янський
Верхня,вулиця,Печерський
Верховинна,вулиця,Святошинський
Верховинця Василя,вулиця,Святошинський
Верховної Ради,бульвар,"Дніпровський, Деснянський"
Вершигори Петра,вулиця,Дніпровський
Веселковий,провулок,Подільський
Весняна,вулиця,Голосіївський
Вешенський,провулок,Деснянський
Виборзький,провулок,Солом'янський
Вигурівський,бульвар,Деснянський
Видубицька,вулиця,Печерський
Визволителів,проспект,Дніпровський
Винахідників,вулиця,Дніпровський
Винахідників,провулок,Дніпровський
Виноградна,вулиця,Солом'янський
Виноградний,провулок,Печерський
Вирлицька,вулиця,Дарницький
Високовольтний,провулок,Дарницький
Висоцького Володимира,бульвар,Деснянський
Вифлеємська,вулиця,Дніпровський
Вишгородська,вулиця,"Подільський, Оболонський"
Вишнева,вулиця,Солом'янський
Вишнева,вулиця,Святошинський
Вишнева,вулиця,Оболонський
Вишнева,вулиця,Дарницький
Вишнева (Озерна 3),вулиця,Дарницький
Вишняківська,вулиця,Дарницький
Відпочинку,вулиця,Святошинський
Відрадний,проспект,"Солом'янський, Святошинський"
Військова,вулиця,Голосіївський
Військовий,проїзд,Печерський
Віктора Зарецького,вулиця,Голосіївський
Вільде Едуарда,вулиця,Дніпровський
Вільнюська,вулиця,Дніпровський
Вільхова ,вулиця,Дніпровський
Вільшанська,вулиця,Печерський
Вільшанський ,провулок,Печерський
Вільямса Академіка,вулиця,Голосіївський
Вінграновського Миколи,вулиця,Дарницький
Вінницька,вулиця,Солом'янський
Вірменська,вулиця,Дарницький
Вірменський,провулок,Дарницький
Вірності,вулиця,Деснянський
Вірського Павла,вулиця,Деснянський
Вірьовки Григорія,вулиця,Деснянський
Віскозна,вулиця,"Дніпровський, Деснянський"
Вітавська,вулиця,Голосіївський
Віто-Литовський,провулок,Голосіївський
Вітрука Генерала,вулиця,Святошинський
Вітряні Гори,вулиця,Подільський
Вітчизняна,вулиця,Подільський
Вітянська,вулиця,Голосіївський
Владлена Кузнецова,вулиця,Деснянський
Водників,вулиця,Подільський
Водогінна,вулиця,Голосіївський
Воздвиженська,вулиця,Подільський
Воздвиженський,провулок,Подільський
Вознесенський,узвіз,Шевченківський
Вокзальна,площа,Солом'янський
Вокзальна,вулиця,"Солом'янський, Шевченківський"
Волгоградська,вулиця,Солом'янський
Волгоградська,площа,Деснянський
Волго-Донська,вулиця,Дарницький
Волго-Донський,провулок,Дарницький
Волзька,вулиця,Голосіївський
Волзький,провулок,Голосіївський
Волинська,вулиця,Солом'янський
Волкова Космонавта,вулиця,Деснянський
Володарська,вулиця,Голосіївський
Володимира Беца,вулиця,Деснянський
Володимира Брожка,вулиця,"Голосіївський, Солом'янський"
Володимира Винниченка,вулиця,Шевченківський
Володимира Горовиця,вулиця,Голосіївський
Володимира Науменко,вулиця,Голосіївський
Володимиро-Либідська,вулиця,Голосіївський
Володимирська,вулиця,"Голосіївський, Шевченківський"
Володимирський,узвіз,"Печерський, Подільський, Шевченківський"
Володимирський,проїзд,Шевченківський
Волоська,вулиця,Подільський
Волошкова,вулиця,Солом'янський
Волошковий,провулок,Деснянський
Волховська,вулиця,Дніпровський
Волховський,провулок,Дніпровський
Воскресенська,вулиця,Дніпровський
Восьмого Березня,вулиця,Оболонський
Врубелівський,узвіз,Шевченківський
Всеволода Змієнка,вулиця,Подільський
Вузівська,вулиця,Солом'янський
Вуликова,вулиця,Дарницький
Вчительська,вулиця,Солом'янський
Гаванська,вулиця,Подільський
Гаванський,провулок,Оболонський
Гавела Вацлава,бульвар,Солом'янський
Гаврилюка,вулиця,Солом’янський
Гагаріна Юрія,проспект,"Деснянський, Дніпровський"
Газова,вулиця,Солом’янський
Газопровідна,вулиця,"Подільський, Святошинський"
Гайдай Зої,вулиця,Оболонський
Гайова,вулиця,Солом’янський
Гайсинська,вулиця,Солом’янський
Галерна,вулиця,Голосіївський
Галицька,вулиця,Подільський
Ганни Арендт,вулиця,Солом'янський
Ганни Барвінок,вулиця,Оболонський
Гаражна,вулиця,Дніпровський
Гаражна,вулиця,Дарницький
Гарета Джонса,провулок,Шевченківський
Гаріна Бориса,вулиця,Солом’янський
Гарматна,вулиця,Солом’янський
Гаршина,вулиця,Святошинський
Гастелло Миколи,вулиця,Печерський
Гатна,вулиця,Голосіївський
Гашека Ярослава,бульвар,Дніпровський
Гвардійська,вулиця,Голосіївський
Генерала Алмазова,вулиця,Печерський
Генерала Гандзюка,вулиця,Оболонський
Генерала Генадія Воробйова,вулиця,Солом'янський
Генерала Грекова,вулиця,Подільський
Генерала Павленка,вулиця,Солом'янський
Генерала Шаповала,вулиця,Солом'янський
Георгіївський,провулок,Шевченківський
Геофізиків,вулиця,Дарницький
Геофізиків,провулок,Дарницький
Герасименка Костянтина,вулиця,Святошинський
Героїв Бресту,площа,Святошинський
Героїв Великої Вітчизняної війни,площа,Печерський
Героїв Війни,вулиця,Солом’янський
Героїв Дніпра,вулиця,Оболонський
Героїв Космосу,вулиця,Святошинський
Героїв Крут,алея,Печерський
Героїв Небесної Сотні,алея,Печерський
Героїв Оборони,вулиця,Голосіївський
Героїв Севастополя,вулиця,Солом'янський
Героїв Сталінграда,проспект,Оболонський
Герцена,вулиця,Шевченківський
Герцена,узвіз,Шевченківський
Герцена,провулок,Шевченківський
Гетьмана Вадима,вулиця,Солом'янський
Гійома де Боплана,вулиця,Деснянський
Гіллястий,провулок,Дніпровський
Гладківська,вулиця,Солом'янський
Глазунова,вулиця,Печерський
Глибочицька,вулиця,Шевченківський
Глибочицький,проїзд,Шевченківський
Глібова,вулиця,Шевченківський
Глієра Рейнгольда,вулиця,Святошинський
Глінки,вулиця,Солом’янський
Глухівська,вулиця,Подільський
Глушкова Академіка,проспект,Голосіївський
Гмирі Бориса,вулиця,Дарницький
Говорова Маршала,вулиця,Голосіївський
Говорова Маршала,провулок,Голосіївський
Гоголівська,вулиця,Шевченківський
Гоголя,вулиця,Солом’янський
Гоголя,вулиця,Дарницький
Гоголя,вулиця,Деснянський
Гоголя 2,провулок,Дарницький
Голованьова Степана,вулиця,Дарницький
Головка Андрія,вулиця,Солом’янський
Голосіївська,площа,Голосіївський
Голосіївська,вулиця,Голосіївський
Голосіївський,проспект,Голосіївський
Голосіївський,провулок,Голосіївський
Гомельська,вулиця,Подільський
Гомельський,провулок,Подільський
Гонгадзе Георгія,проспект,Подільський
Гонти Івана,вулиця,Шевченківський
Гончара Олеся,вулиця,Шевченківський
Гончарна,вулиця,Подільський
Гончарова,вулиця,Шевченківський
Горбунова Академіка,вулиця,Дарницький
Горенська,вулиця,Святошинський
Гориста,вулиця,Голосіївський
Гористий,провулок,Голосіївський
Горіхова,вулиця,Солом'янський
Горіхова (Озерна 5),вулиця,Дарницький
Горлівська,вулиця,Дарницький
Городецького Архітектора,вулиця,Печерський
Городище,вулиця,Деснянський
Городищенська,вулиця,Подільський
Городня,вулиця,Солом’янський
Горюшка Георгія,вулиця,Голосіївський
Госпітальна,вулиця,Печерський
Госпітальний,провулок,Печерський
Гостинна,вулиця,Дарницький
Гостинний,провулок,Дарницький
Гостомельська,вулиця,Святошинський
Гостомельська,площа,Святошинський
Гостомельське,шосе,Оболонський
Грабовського Павла,вулиця,Голосіївський
Грабовського Павла,провулок,Голосіївський
Градинська,вулиця,Деснянський
Гранична,вулиця,Святошинський
Гребінки,вулиця,Голосіївський
Грекова Академіка,вулиця,Шевченківський
Гречаний,провулок,Дарницький
Григоренка Петра,проспект,Дарницький
Григорія Голоскевича,вулиця,Голосіївський
Григорія Косинки,вулиця,Деснянський
Григоровича-Барського,вулиця,Святошинський
Гришка Миколи,вулиця,Деснянський
Гришка Михайла,вулиця,Дарницький
Грінченка Бориса,вулиця,Шевченківський
Грінченка Миколи,вулиця,"Голосіївський, Солом’янський"
Гродненська,вулиця,Дніпровський
Гродненський,провулок,Дніпровський
Грозненська,вулиця,Шевченківський
Громадська,вулиця,Солом’янський
Громової Уляни,вулиця,Солом’янський
Грузинська,вулиця,Дарницький
Грузинський,провулок,Дарницький
Грушева,вулиця,Солом'янський
Грушевського Михайла,вулиця,Печерський
Гулака Миколи,вулиця,Оболонський
Гурамішвілі Давида,вулиця,Святошинський
Гусовського,вулиця,Печерський
Гучний,провулок,Солом’янський
Ґалаґанівська,вулиця,Святошинський
Ґренджі-Донського,вулиця,Солом'янський
Далека,вулиця,Солом'янський
Даля Олександра,вулиця,Деснянський
Дамбова,вулиця,Дніпровський
Дамбова 1,вулиця,Дніпровський
Дамбова 2,вулиця,Дніпровський
Дамбова 3,вулиця,Дніпровський
Данченка Сергія,вулиця,Подільський
Данькевича Костянтина,вулиця,Деснянський
Дарвіна,вулиця,Печерський
Дарницька,площа,Дніпровський
Дарницький,бульвар,Дніпровський
Дачна,вулиця,Деснянський
Дачний,провулок,Деснянський
Дашавська,вулиця,Солом'янський
Двінська,вулиця,Дніпровський
Дегтярівська,вулиця,Шевченківський
Дегтярна,вулиця,Подільський
Дежнєва,вулиця,Солом'янський
Дежнєва,провулок,Солом'янський
Декабристів,вулиця,Дарницький
Делегатський,провулок,Шевченківський
Демидівська,вулиця,Дарницький
Деміївська,площа,Голосіївський
Деміївська,вулиця,Голосіївський
Деміївський,провулок,Голосіївський
Депутатська,вулиця,Святошинський
Деревлянська,вулиця,Шевченківський
Деревообробна,вулиця,Голосіївський
Деревообробний,провулок,Голосіївський
Десенський ,провулок,Деснянський
Деснянська,вулиця,Солом'янський
Деснянська,вулиця,Деснянський
Деснянська,вулиця,Дніпровський
Деснянський,провулок,Деснянський
Десятинна,вулиця,Шевченківський
Десятинний,провулок,Шевченківський
Джаліля Муси,вулиця,Подільський
Джеймса Мейса,вулиця,Солом'янський
Джерельна,вулиця,Оболонський
Джерельна,вулиця,Дарницький
Джерельний,провулок,Оболонський
Джона Маккейна,вулиця,Печерський
Дзиґи Вертова,провулок,Дніпровський
Диканський,провулок,Дарницький
Димерська,вулиця,Святошинський
Діамантовий,провулок,Деснянський
Дібровна ,вулиця,Голосіївський
Дібровний,провулок,Голосіївський
Ділова,вулиця,"Голосіївський, Печерський"
Дмитра Григоровича,вулиця,Солом’янський
Дмитра Загула,вулиця,Деснянський
Дмитрівська,вулиця,Шевченківський
Дмитрівська,вулиця,Подільський
Дніпрова,вулиця,Дарницький
Дніпровий,провулок,Дарницький
Дніпроводська,вулиця,Оболонський
Дніпровська,вулиця,Оболонський
Дніпровська ,набережна,"Дніпровський, Дарницький"
Дніпровське,шосе,Голосіївський
Дніпровський ,узвіз,Печерський
Дністровська,вулиця,Солом'янський
Добрий Шлях,вулиця,Голосіївський
Добринінська,вулиця,Оболонський
Добробутна,вулиця,Солом'янський
Добровольчих батальйонів,вулиця,Печерський
Добролюбова,вулиця,Печерський
Добролюбова,провулок,Печерський
Добросусідська,вулиця,Солом'янський
Добросусідський,провулок,Солом'янський
Доброхотова Академіка,вулиця,Святошинський
Добрузька,вулиця,Солом'янський
Доватора Генерала,вулиця,Голосіївський
Доватора Генерала,провулок,Голосіївський
Довбуша Олекси,вулиця,Дніпровський
Довженка,вулиця,Деснянський
Довженка Олександра,вулиця,Шевченківський
Докучаєвська,вулиця,Солом'янський
Докучаєвський,тупик,Солом'янський
Докучаєвський,провулок,Солом'янський
Долинна,вулиця,Солом'янський
Донецька,вулиця,Солом'янський
Донецький,провулок,Солом'янський
Донська,вулиця,Солом'янський
Донський,провулок,Солом'янський
Донця Михайла,вулиця,Солом'янський
Дончука Василя,вулиця,Шевченківський
Дорогожицька,вулиця,Шевченківський
Достоєвського,провулок,Подільський
Достоєвського,вулиця,Подільський
Драгоманова,вулиця,Дарницький
Драгомирова Михайла,вулиця,Печерський
Драйзера Теодора,вулиця,Деснянський
Драй-Хмари Михайла,вулиця,Святошинський
Друга,вулиця,Оболонський
Дружби,вулиця,Дарницький
Дружби 1,провулок,Дарницький
Дружби 2,провулок,Дарницький
Дружби 3,провулок,Дарницький
Дружби Народів,бульвар,Печерський
Дружківська,вулиця,Святошинський
Дружня,вулиця,Солом'янський
Дубенська,вулиця,Печерський
Дубичнянська,вулиця,Деснянський
Дубищанська,вулиця,Оболонський
Дубищанський,провулок,Оболонський
Дубініна Володі,вулиця,Голосіївський
Дубка (Озерна 15),вулиця,Дарницький
Дубровицька,вулиця,Оболонський
Дубровицький,провулок,Оболонський
Дубровського Віктора,провулок,Святошинський
Дудника Георгія,вулиця,Шевченківський
Дуки Степана,вулиця,Голосіївський
Дунаєвського,вулиця,Святошинський
Дунаєвського,провулок,Святошинський
Дурдуківського Володимира,вулиця,Святошинський
Дяченка Івана,вулиця,Дарницький
Екскаваторна,вулиця,Святошинський
Електриків,вулиця,Подільський
Електриків,провулок,Подільський
Електротехнічна,вулиця,Деснянський
Енгельса,провулок,Дарницький
Енгельса,вулиця,Дарницький
Енергетиків,вулиця,Солом'янський
Енергетиків,вулиця,Дніпровський
Енергетиків,провулок,Солом'янський
Ентузіастів,вулиця,Дніпровський
Ентузіастів 1,вулиця,Дарницький
Ентузіастів 10,вулиця,Дарницький
Ентузіастів 2,вулиця,Дарницький
Ентузіастів 3,вулиця,Дарницький
Ентузіастів 4,вулиця,Дарницький
Ентузіастів 5,вулиця,Дарницький
Ентузіастів 6,вулиця,Дарницький
Ентузіастів 7,вулиця,Дарницький
Ентузіастів 8,вулиця,Дарницький
Ентузіастів 9,вулиця,Дарницький
Еренбурга Іллі,вулиця,Голосіївський
Ернста Федора,вулиця,Солом'янський
Еспланадна,вулиця,Печерський
Естонська,вулиця,Шевченківський
Естонський,провулок,Шевченківський
Євгена Гуцала,провулок,Печерський
Євгена Коновальця,вулиця,Печерський
Євгена Плужника,вулиця,Деснянський
Євгена Сверстюка,вулиця,Дніпровський
Європейська,площа,Печерський
Єдності,вулиця,Деснянський
Єжи Ґедройця,вулиця,"Голосіївський, Печерський"
Єнісейська,вулиця,Голосіївський
Єреванська,вулиця,Солом'янський
Єрмака,вулиця,Оболонський
Єсеніна Сергія,вулиця,Святошинський
Жабаєва Жамбила,вулиця,Шевченківський
Жашківська,вулиця,Подільський
Живописна,вулиця,Святошинський
Жигулівська,вулиця,Голосіївський
Жилянська,вулиця,"Печерський, Голосіївський, Шевченківський"
Житкова Бориса,вулиця,Шевченківський
Житньоторзька,вулиця,Подільський
Житньоторзька,площа,Подільський
Жмаченка Генерала,вулиця,Дніпровський
Жмеринська,вулиця,Святошинський
Жмеринський,провулок,Святошинський
Жовтнева,вулиця,Святошинський
Жовтневий,провулок,Святошинський
Жолудєва,вулиця,Святошинський
Жуків Затон,вулиця,Голосіївський
Жуковського Василя,провулок,Голосіївський
Жуковського Василя,вулиця,Голосіївський
Жулянська,вулиця,Голосіївський
Журавлина,вулиця,Дарницький
Журавлина,вулиця,Солом'янський
Забайківська,вулиця,Голосіївський
Забіли Віктора,вулиця,Голосіївський
Заболотний,провулок,Голосіївський
Заболотного Академіка,вулиця,Голосіївський
Завальна,вулиця,Дарницький
Заводська,вулиця,Подільський
Заводський,провулок,Дарницький
Заглади Леоніли,вулиця,Дарницький
Загороднього Михайла,площа,Оболонський
Загородня,вулиця,Голосіївський
Задніпровського Михайла,вулиця,Печерський
Задорожний,провулок,Голосіївський
Заканальна,вулиця,Дарницький
Закарпатська,вулиця,Голосіївський
Закревського Миколи,вулиця,Деснянський
Заливна,вулиця,Голосіївський
Залізнична,вулиця,Солом'янський
Залізнична,вулиця,Дніпровський
Залізнична 1,вулиця,Дніпровський
Залізнична 2,вулиця,Дніпровський
Залізнична 3,вулиця,Дніпровський
Залізнична 4,вулиця,Дніпровський
Залізничне,шосе,Печерський
Залізняка Максима,вулиця,Святошинський
Залісна,вулиця,Солом'янський
Заломова Петра,вулиця,Солом'янський
Залужна ,вулиця,Голосіївський
Залужний ,провулок,Голосіївський
Заміський,провулок,Дарницький
Замковецька,вулиця,Подільський
Замковецький,провулок,Подільський
Заньковецької,вулиця,Печерський
Заозерний,провулок,Деснянський
Западинська,вулиця,Подільський
Запашний,провулок,Дарницький
Запечерний,провулок,Печерський
Заплавна,вулиця,Дарницький
Заплавний,провулок,Дарницький
Заповітна,вулиця,Солом'янський
Заповітний,провулок,Солом'янський
Запорізька,вулиця,Солом'янський
Запорожця Петра,вулиця,Дніпровський
Запорожця Петра,вулиця,Деснянський
Заремби Владислава,провулок,Голосіївський
Зарічна,вулиця,Дарницький
Зарубинецька,вулиця,Подільський
Заслонова Костянтина,вулиця,Дарницький
Затєвахіна Полковника,вулиця,Голосіївський
Затишна,вулиця,Дарницький
Захарівська,вулиця,Подільський
Захисників,провулок,Деснянський
Західна,вулиця,Солом'янський
Західний,провулок,Солом'янський
Звенигородська,вулиця,Святошинський
Звіринецька,вулиця,Печерський
Звіринецький,провулок,Печерський
Зв'язківців,вулиця,Святошинський
Згурівська,вулиця,Солом'янський
Здолбунівська,вулиця,Дарницький
Зелена,вулиця,Солом'янський
Зелена,вулиця,Дніпровський
Зелена,вулиця,Шевченківський
Зеленогірська,вулиця,Солом'янський
Зелінського Академіка,провулок,Подільський
Землянична,вулиця,Подільський
Землянська,вулиця,Печерський
Землянський,провулок,Печерський
Зенітна,вулиця,Солом'янський
Зимова,вулиця,Подільський
Златопільська,вулиця,Солом'янський
Знам'янська,вулиця,Солом'янський
Зовнішня,вулиця,Дарницький
Зодчих,вулиця,Святошинський
Золота,вулиця,Дніпровський
Золоті Джерела,вулиця,Голосіївський
Золотоворітська,вулиця,Шевченківський
Золотоворітський,проїзд,Шевченківський
Золотоніська,вулиця,Голосіївський
Золотоустівська,вулиця,Шевченківський
Золочевська,вулиця,Подільський
Золочевський,провулок,Подільський
Зоологічна,вулиця,Шевченківський
Зоотехніків,вулиця,Дарницький
Зорге Ріхарда,вулиця,Святошинський
Зоряна,вулиця,Подільський
Зоряна,вулиця,Солом'янський
Зоряний,провулок,Подільський
Зрошувальна,вулиця,Дарницький
Івана Білика,вулиця,Солом'янський
Івана Виговського,вулиця,Подільський
Івана Рогача,вулиця,Деснянський
Івашкевича Ярослава,вулиця,Оболонський
Івченка Михайла,провулок,Святошинський
Ігорівська,вулиця,Подільський
Ігоря Диченка,вулиця,Голосіївський
Їжакевича Івана,вулиця,Подільський
Іжевська,вулиця,Дарницький
Іжевський,провулок,Дарницький
Ізюмська,вулиця,Голосіївський
Ізяславський,провулок,Солом'янський
Іллінська,вулиця,Подільський
Інгульський,провулок,Голосіївський
Індустріальний,провулок,Солом'янський
Інженера Бородіна,вулиця,Дніпровський
Інженерна,вулиця,Голосіївський
Інженерна,вулиця,Дарницький
Інженерний,провулок,Печерський
Інженерний,провулок,Дарницький
Інститутська,вулиця,Печерський
Іоанна Павла ІІ,вулиця,Печерський
Іпсилантіївський,провулок,Печерський
Ірининська,вулиця,Шевченківський
Ірпінська,вулиця,Святошинський
Іртишська,вулиця,Голосіївський
Ірчана Мирослава,вулиця,Святошинський
Ісаакяна,вулиця,Шевченківський
Іси Мунаєва,вулиця,Деснянський
Іскрівська,вулиця,Солом'янський
Йова Борецького,провулок,Печерський
Йорданська,вулиця,Оболонський
Кабельна ,вулиця,Оболонський
Каблукова Академіка,вулиця,Солом'янський
Кавалерідзе Івана,вулиця,Подільський
Кавказька,вулиця,Солом'янський
Кадетський Гай ,вулиця,Солом'янський
Кадіївська,вулиця,Деснянський
Кадіївський,провулок,Деснянський
Казанська,вулиця,Оболонський
Кайсарова,вулиця,"Голосіївський,Солом'янський"
Калачівська,вулиця,Дніпровський
Калинова,вулиця,Шевченківський
Калиновий Ріг,проїзд,Оболонський
Калиновий Ріг,вулиця,Оболонський
Калнишевського Петра,вулиця,Оболонський
Кальвільна,вулиця,Подільський
Каменярів,вулиця,Солом'янський
Каменярів,провулок,Солом'янський
Камишинська,вулиця,Голосіївський
Кам'янець-Подільська,вулиця,Святошинський
Кам'янець-Подільський,провулок,Святошинський
Кам'янська,вулиця,Дарницький
Канальна,вулиця,Дарницький
Канальна 1,вулиця,Дніпровський
Канальна 10,вулиця,Дніпровський
Канальна 11,вулиця,Дніпровський
Канальна 12,вулиця,Дніпровський
Канальна 2,вулиця,Дніпровський
Канальна 3,вулиця,Дніпровський
Канальна 4,вулиця,Дніпровський
Канальна 5,вулиця,Дніпровський
Канальна 6,вулиця,Дніпровський
Канальна 7,вулиця,Дніпровський
Канальна 8,вулиця,Дніпровський
Канальна 9,вулиця,Дніпровський
Канівська,вулиця,Подільський
Кантемирівський,провулок,Деснянський
Караваєва Професора,вулиця,Солом'янський
Карбишева Генерала,вулиця,Дніпровський
Карелівська,вулиця,Подільський
Карельський,провулок,"Деснянський, Дніпровський"
Кар'єрна,вулиця,Солом'янський
Кармелюка Устима,вулиця,Дніпровський
Кармелюка Устима,провулок,Дніпровський
Карпатська,вулиця,Солом'янський
Карпінського Академіка,вулиця,Солом'янський
Касіяна Василя,вулиця,Голосіївський
Каунаська,вулиця,Дніпровський
Кахи Бендукідзе,вулиця,Печерський
Каховська,вулиця,Дніпровський
Качалова,вулиця,"Солом'янський, Святошинський"
Качури Якова,провулок,Святошинський
Качури Якова,вулиця,Святошинський
Качуровського Ігоря,провулок,Дарницький
Каштанова,вулиця,Деснянський
Кащенка Академіка,вулиця,Голосіївський
Квітки Цісик,вулиця,Оболонський
Квітки-Основ'яненка,вулиця,Голосіївський
Квітки-Основ'яненка,провулок,Голосіївський
Квіткова,вулиця,Оболонський
Квіткова,вулиця,Дніпровський
Квіткові Луки,вулиця,Голосіївський
Квітнева,вулиця,Голосіївський
Квітнева,вулиця,Дарницький
Квітневий,провулок,Подільський
Квітникарська,вулиця,Подільський
Квітуча,вулиця,Голосіївський
Квітучий,провулок,Шевченківський
Кемеровська,вулиця,Оболонський
Керамічний,провулок,Голосіївський
Керченська,вулиця,Солом'янський
Керченська,площа,"Деснянський, Дніпровський"
Кибальчича Миколи,вулиця,Дніпровський
Кизилова,вулиця,Дарницький
Кизилова,вулиця,Подільський
Київська,вулиця,Солом'янський
Кирила Гвоздика,вулиця,"Голосіївський, Солом’янський"
Кирила Осьмака,вулиця,Дарницький
Кирилівська,вулиця,"Подільський, Оболонський, Шевченківський"
Кирило-Мефодіївська,вулиця,Шевченківський
Кирпоноса,вулиця,Шевченківський
Кисловодська,вулиця,Деснянський
Кисловодський,провулок,Деснянський
Китаївська,вулиця,Голосіївський
Кишинівська,вулиця,Солом'янський
Киянівський,провулок,Шевченківський
Кільцева ,дорога,"Святошинський, Солом'янський, Голосіївський"
Кільцевий,провулок,Голосіївський
Кінцева,вулиця,Солом'янський
Кіото,вулиця,Деснянський
Кіпріанова Академіка,вулиця,Святошинський
Кіровоградський,провулок,Голосіївський
Кірпи Георгія,вулиця,Солом'янський
Клавдіївська,вулиця,Святошинський
Клеманська,вулиця,Дарницький
Клена Юрія,вулиця,Святошинський
Кленова Долина,вулиця,Голосіївський
Кленовий,провулок,Печерський
Кленовий,провулок,Деснянський
Клінічна,вулиця,Солом'янський
Клінічний,провулок,Солом'янський
Кловський,узвіз,Печерський
Кмитів Яр,вулиця,Шевченківський
Княжий Затон,вулиця,Дарницький
Князя Вітовта,вулиця,Голосіївський
Кобзарська,вулиця,Подільський
Кобзарський,провулок,Подільський
Кобилянської Ольги,вулиця,Солом'янський
Кобилянської Ольги,провулок,Солом'янський
Ковалевської Софії,вулиця,Голосіївський
Ковальський,провулок,Солом'янський
Ковельська,вулиця,Голосіївський
Ковніра Степана,вулиця,Печерський
Ковпака,вулиця,"Голосіївський, Печерський"
Ковпитська,вулиця,Деснянський
Ковтунівський,провулок,Деснянський
Кожум'яцька,вулиця,Подільський
Козацька,вулиця,Голосіївський
Козацький,провулок,Голосіївський
Козелецька,вулиця,Солом'янський
Козицького Пилипа,вулиця,Солом'янський
Козловського Івана,провулок,Печерський
Козятинська,вулиця,Печерський
Козятинський,провулок,Печерський
Колекторна,вулиця,Дарницький
Колекторний,провулок,Дарницький
Коломийський,провулок,Голосіївський
Колоса Сергія,вулиця,"Солом'янський, Голосіївський"
Колоскова,вулиця,Солом'янський
Кольцова,бульвар,Святошинський
Комбайнерів,вулиця,Солом'янський
Комбінатна,вулиця,Дніпровський
Комунальна,вулиця,Голосіївський
Кондратюка Юрія,вулиця,Оболонський
Кондукторська,вулиця,Солом'янський
Конєва Маршала,вулиця,Голосіївський
Коноплянська,вулиця,Оболонський
Конотопська,вулиця,Голосіївський
Конотопський,провулок,Голосіївський
Конституції,площа,Печерський
Контактна,вулиця,Солом'янський
Контрактова,площа,Подільський
Кооперативна,вулиця,Солом'янський
Копайгородська,вулиця,Подільський
Коперніка,вулиця,Шевченківський
Копиленка Олександра,вулиця,Печерський
Копилівська,вулиця,Подільський
Корабельна,вулиця,Оболонський
Корінна,вулиця,Голосіївський
Короленківська,вулиця,Голосіївський
Корольова Академіка,вулиця,Святошинський
Корольова Академіка,проспект,Святошинський
Коростенська,вулиця,Святошинський
Корсунська,вулиця,Святошинський
Корсунь-Шевченківська,вулиця,Солом'янський
Корчуватська,вулиця,Голосіївський
Корчуватський,провулок,Голосіївський
Косенка,вулиця,Подільський
Космічна,вулиця,Дніпровський
Космодем'янської Зої,вулиця,Солом'янський
Космонавтів,площа,Солом'янський
Косогірний,провулок,Шевченківський
Костанайська,вулиця,Голосіївський
Костанайський,провулок,Голосіївський
Костельна,вулиця,Шевченківський
Костичева Академіка,вулиця,Голосіївський
Костюка,вулиця,Святошинський
Костя Гордієнка,провулок,Печерський
Костя Гуслистого,провулок,Голосіївський
Костянтина Михальчука,провулок,Солом'янський
Костянтинівська,вулиця,Подільський
Котарбінського Вільгельма,вулиця,Шевченківський
Котельникова Михайла,вулиця,Святошинський
Котика Валі,вулиця,Святошинський
Котляревського,вулиця,Солом'янський
Коцюбинського,вулиця,Дарницький
Коцюбинського,вулиця,Деснянський
Коцюбинського Михайла,вулиця,Шевченківський
Кочерги Івана,вулиця,Дарницький
Кочерги Івана,провулок,Дарницький
Кочубеївська,вулиця,Голосіївський
Кочубеївський,провулок,Голосіївський
Кошиця Олександра,вулиця,Дарницький
Кошового Олега,вулиця,Голосіївський
Кошового Олега,провулок,Голосіївський
Кравчука Михайла,вулиця,Дарницький
Краєвидний,провулок,Деснянський
Крайній,провулок,Деснянський
Крайня,вулиця,Деснянський
Краківська,вулиця,Дніпровський
Краматорська,вулиця,Голосіївський
Краматорський,провулок,Голосіївський
Крамського Івана,вулиця,Святошинський
Красилівська,вулиця,Голосіївський
Красицького,вулиця,Подільський
Краснова Миколи,вулиця,Святошинський
Красноводський,провулок,Подільський
Краснодарська,вулиця,Шевченківський
Краснокутська,вулиця,Дніпровський
Краснокутський,провулок,Дніпровський
Кременецький,провулок,Святошинський
Кржижановського Академіка,вулиця,Святошинський
Кривоноса Максима,вулиця,Солом'янський
Кривоноса Максима,провулок,Солом'янський
Кривоноса Петра,площа,Солом'янський
Криворізька,вулиця,Голосіївський
Крилова,вулиця,Дарницький
Крилова 1,провулок,Дарницький
Крилова 2,провулок,Дарницький
Крилова 3,провулок,Дарницький
Криловський,провулок,Шевченківський
Кримська,вулиця,Голосіївський
Кримського Академіка,вулиця,Святошинський
Кринична,вулиця,Солом'янський
Кринична,вулиця,Дарницький
Кричевського Федора,вулиця,Святошинський
Кріпосний,провулок,Печерський
Кронштадтська,вулиця,Дарницький
Кропивницького,вулиця,Печерський
Кругла,вулиця,Солом'янський
Круглоуніверситетська,вулиця,Печерський
Крута,вулиця,Голосіївський
Крута,вулиця,Дарницький
Крутий,узвіз,Печерський
Крутогірна,вулиця,Солом'янський
Крушельницького,вулиця,Святошинський
Крушельницької Соломії,вулиця,Дарницький
Кубанська,вулиця,Солом'янський
Кубанської України,вулиця,Деснянський
Кудрявська,вулиця,Шевченківський
Кудрявський,узвіз,Шевченківський
Кудряшова,вулиця,Солом'янський
Кудряшова,провулок,Солом'янський
Кузбаська,вулиця,Деснянський
Кузбаський,провулок,Деснянський
Кузнєцова Миколи,вулиця,Святошинський
Кузьминський,провулок,Шевченківський
Кука Василя,провулок,Дарницький
Кукурудзяна,вулиця,Подільський
Кукурудзяний,проїзд,Подільський
Кулібіна,вулиця,Святошинський
Кулібіна,провулок,Святошинський
Куліша Пантелеймона,площа,Дніпровський
Купріна,вулиця,Святошинський
Куп'янська,вулиця,Солом'янський
Куп'янський,провулок,Солом'янський
Курбаса Леся,проспект,Святошинський
Курганівська,вулиця,Печерський
Курганівський,провулок,Печерський
Куренівська,вулиця,Оболонський
Куренівський,провулок,Оболонський
Куричівська,вулиця,Деснянський
Курінного Петра,вулиця,Святошинський
Курнатовського,вулиця,"Дніпровський, Деснянський"
Курортна,вулиця,Оболонський
Курчатова Академіка,вулиця,Деснянський
Кутова,вулиця,Солом'янський
Кутова,вулиця,Шевченківський
Кутовий ,провулок,Деснянський
Кутузова,вулиця,Деснянський
Кучанський,провулок,Деснянський
Кучера Василя,вулиця,Святошинський
Кучмин Яр,вулиця,Солом'янський
Кучмин Яр,провулок,Солом'янський
Лабораторна,вулиця,"Голосіївський, Печерський"
Лабораторний,провулок,Печерський
Лаврова Юрія,вулиця,Голосіївський
Лаврська,вулиця,Печерський
Лаврський,провулок,Печерський
Лаврухіна Миколи,вулиця,Деснянський
Лазурна,вулиця,Голосіївський
Лазурна,вулиця,Деснянський
Лазурний,провулок,Деснянський
Лауреатська ,вулиця,Голосіївський
Лебедєва Академіка,вулиця,Голосіївський
Лебединська,вулиця,Оболонський
Левадна ,вулиця,Дарницький
Левадний ,провулок,Дарницький
Левадний 1,провулок,Дарницький
Левадний 2,провулок,Дарницький
Левандовська,вулиця,Печерський
Леваневського ,вулиця,Солом'янський
Левітана,вулиця,Голосіївський
Левітана ,провулок,Голосіївський
Левка Мацієвича,вулиця,Солом'янський
Лейпцизька,вулиця,Печерський
Леоніда Телятникова,площа,Оболонський
Леонтовича,вулиця,Шевченківський
Лермонтова,провулок,Дарницький
Лермонтова ,вулиця,Деснянський
Лермонтова ,вулиця,Дарницький
Лермонтова 1,провулок,Дарницький
Лермонтова 2,провулок,Дарницький
Лермонтова 3,провулок,Дарницький
Лермонтова 4,провулок,Дарницький
Лермонтова 5,провулок,Дарницький
Лермонтовська,вулиця,Шевченківський
Лесі Українки,бульвар,Печерський
Лесі Українки,площа,Печерський
Лесі Українки,вулиця,Подільський
Лесі Українки,вулиця,Деснянський
Леся Танюка,вулиця,Деснянський
Лєскова,вулиця,Печерський
Либідська,вулиця,Голосіївський
Либідська,площа,Голосіївський
Ливарська,вулиця,Оболонський
Липківського Василя Митрополита,вулиця,Солом'янський
Липнева,вулиця,Голосіївський
Липова,вулиця,Святошинський
Липова,вулиця,Деснянський
Липова,вулиця,Дарницький
Липська ,вулиця,Печерський
Липський,провулок,Печерський
Лисенка,вулиця,Шевченківський
Лисичанська,вулиця,Солом'янський
Лисичанський,провулок,Солом'янський
Лисогірська ,вулиця,Голосіївський
Лисогірський,провулок,Голосіївський
Листопадна,вулиця,Голосіївський
Листопадний,провулок,Голосіївський
Лисянська,вулиця,Подільський
Литвиненко-Вольгемут,вулиця,Святошинський
Литовський,провулок,Голосіївський
Личанська,вулиця,Святошинський
Лікарняна,вулиця,Дніпровський
Лікарняний,провулок,Дніпровський
Лінійна,вулиця,Солом'янський
Лінія 1,вулиця,Оболонський
Лінія 1,лінія,Оболонський
Лінія 1,лінія,Подільський
Лінія 1,лінія,Дніпровський
Лінія 1,лінія,Оболонський
Лінія 1,лінія,Подільський
Лінія 1,лінія,Оболонський
Лінія 10,вулиця,Оболонський
Лінія 10,лінія,Оболонський
Лінія 10,лінія,Подільський
Лінія 11,лінія,Подільський
Лінія 11,лінія,Оболонський
Лінія 11,вулиця,Оболонський
Лінія 11,лінія,Оболонський
Лінія 12,лінія,Оболонський
Лінія 12,вулиця,Оболонський
Лінія 12-та,лінія,Подільський
Лінія 13,вулиця,Оболонський
Лінія 13,лінія,Оболонський
Лінія 13-та,лінія,Подільський
Лінія 14,вулиця,Оболонський
Лінія 14,лінія,Оболонський
Лінія 14-та,лінія,Подільський
Лінія 15,лінія,"Оболонський (КДТ ""Чорнобилець"")"
Лінія 15-та,лінія,Подільський
Лінія 16,лінія,"Оболонський (КДТ ""Чорнобилець"")"
Лінія 17,лінія,"Оболонський (КДТ ""Чорнобилець"")"
Лінія 18,лінія,Оболонський
Лінія 1а,лінія,Оболонський
Лінія 2,лінія,Оболонський
Лінія 2,вулиця,Оболонський
Лінія 2,лінія,Оболонський
Лінія 2,лінія,Подільський
Лінія 2,лінія,Подільський
Лінія 2,лінія,Дніпровський
Лінія 2,лінія,Оболонський
Лінія 3,лінія,Оболонський
Лінія 3,лінія,Подільський
Лінія 3,лінія,Оболонський
Лінія 3,лінія,Дніпровський
Лінія 3,лінія,Подільський
Лінія 3,лінія,Оболонський
Лінія 3,вулиця,Оболонський
Лінія 3,лінія,Дніпровський
Лінія 4,лінія,Дніпровський
Лінія 4,лінія,Оболонський
Лінія 4,вулиця,Оболонський
Лінія 4,лінія,Подільський
Лінія 4,лінія,Подільський
Лінія 4,лінія,Оболонський
Лінія 4,лінія,"Оболонський (СТ ""Оболонь"")"
Лінія 5,лінія,Оболонський
Лінія 5,вулиця,Оболонський
Лінія 5,лінія,Подільський
Лінія 5,лінія,Подільський
Лінія 5,лінія,Дніпровський
Лінія 5,лінія,Оболонський
Лінія 5,лінія,Оболонський
Лінія 6,лінія,Подільський
Лінія 6,лінія,Оболонський
Лінія 6,лінія,Оболонський
Лінія 6,вулиця,Оболонський
Лінія 7,лінія,Оболонський
Лінія 7,лінія,Оболонський
Лінія 7,лінія,Оболонський
Лінія 7,лінія,Подільський
Лінія 7,вулиця,Оболонський
Лінія 8,вулиця,Оболонський
Лінія 8,лінія,Оболонський
Лінія 8,лінія,Оболонський
Лінія 8,лінія,Оболонський
Лінія 8,лінія,Подільський
Лінія 9,вулиця,Оболонський
Лінія 9,лінія,Подільський
Лінія 9,лінія,"Оболонський (СТ ""Дніпровський-2"", СТ ""Фронтовик"")"
Лінія 9,лінія,Оболонський
Лінія 9,лінія,Оболонський
Лісківська,вулиця,Деснянський
Лісна,вулиця,Дарницький
Лісна,вулиця,Оболонський
Лісний,провулок,Оболонський
Ліснича,вулиця,Голосіївський
Лісова,вулиця,Оболонський
Лісова-Козинська,вулиця,Голосіївський
Лісовий,проспект,Деснянський
Лісовий,провулок,Дарницький
Лісоводна,вулиця,Голосіївський
Лісозахисна,вулиця,Подільський
Лісозахисний,провулок,Подільський
Лісорубна,вулиця,Святошинський
Лісо-Степова,вулиця,Дарницький
Лісо-Степовий 1,провулок,Дарницький
Лісо-Степовий 2,провулок,Дарницький
Лісо-Степовий 3,провулок,Дарницький
Лісо-Степовий 4,провулок,Дарницький
Лісо-Степовий 5,провулок,"Дарницький (СДТ ""Стадне"")"
Літинська,вулиця,Дніпровський
Літинський ,провулок,Дніпровський
Літківська,вулиця,Деснянський
Літня,вулиця,Печерський
Лобановського Валерія,проспект,"Солом'янський,Голосіївський"
Лобачевського,вулиця,Дніпровський
Лобачевського,провулок,Дніпровський
Лодигіна,провулок,Подільський
Лодигіна,вулиця,Подільський
Лозовий,провулок,Деснянський
Лозовий,провулок,Дарницький
Локомотивна,вулиця,Солом'янський
Ломоносова,вулиця,Голосіївський
Лохвицька,вулиця,Дніпровський
Лубенська,вулиця,Печерський
Луганська,вулиця,Солом'янський
Лугова,вулиця,Оболонський
Лугова,вулиця,Солом'янський
Лугова,вулиця,Дніпровський
Лугова,вулиця,Дарницький
Лугова,вулиця,Оболонський
Лугова 1,вулиця,Дарницький
Лугова 10,вулиця,Дарницький
Лугова 11,вулиця,Дарницький
Лугова 12,вулиця,Дарницький
Лугова 13,вулиця,Дарницький
Лугова 14,вулиця,Дарницький
Лугова 2,вулиця,Дарницький
Лугова 3,вулиця,Дарницький
Лугова 4,вулиця,Дарницький
Лугова 5,вулиця,Дарницький
Лугова 6,вулиця,Дарницький
Лугова 7,вулиця,Дарницький
Лугова 8,вулиця,Дарницький
Лугова 9,вулиця,Дарницький
Луговий,провулок,Деснянський
Луговий,провулок,Дарницький
Лужевського Руслана,провулок,Голосіївський
Лукаша Миколи,вулиця,Солом'янський
Луківська,вулиця,Оболонський
Луківський,проїзд,Оболонський
Луківський,провулок,Оболонський
Лук'янівська,вулиця,Шевченківський
Лук'янівська,площа,Шевченківський
Лук'янівський,провулок,Шевченківський
Луценка Дмитра,вулиця,Голосіївський
Львівська,площа,Шевченківський
Львівська,вулиця,Святошинський
Любарська,вулиця,Дарницький
Любарський,провулок,Дарницький
Любимівська,вулиця,Святошинський
Любимівська ,вулиця,Оболонський
Любомира Гузара,проспект,Солом'янський
Любомирська,вулиця,Голосіївський
Люботинська,вулиця,Дніпровський
Люботинський,провулок,Дніпровський
Лютеранська,вулиця,Печерський
Лютнева,вулиця,Дарницький
Лютнева,вулиця,Голосіївський
Лютневий,провулок,Подільський
Лятошинського Композитора,вулиця,Голосіївський
Магістральна,вулиця,Шевченківський
Магнітогорська,вулиця,Деснянський
Магнітогорський,провулок,Деснянський
Мазепи Івана,вулиця,Печерський
Майбороди Платона,вулиця,Шевченківський
Майкопська,вулиця,Голосіївський
Майкопський,провулок,Голосіївський
Макаренка,провулок,Дніпровський
Макаренка,вулиця,Дніпровський
Макаренка,вулиця,Деснянський
Макарівська,вулиця,Шевченківський
Макіївська,вулиця,Оболонський
Макіївський,провулок,Оболонський
Максима Славинського,вулиця,Голосіївський
Максименка Федора,вулиця,Оболонський
Максимовича,вулиця,Святошинський
Максимовича Михайла,вулиця,Голосіївський
Мала Житомирська,вулиця,Шевченківський
Маланюка Євгена,вулиця,Дніпровський
Малевича Казимира,вулиця,Голосіївський
Малинівська ,вулиця,Дніпровський
Малинова,вулиця,Дарницький
Малинова,вулиця,Солом'янський
Малинова,вулиця,Подільський
Малиновського Маршала,вулиця,Оболонський
Малинська,вулиця,Святошинський
Малинський,провулок,Святошинський
Малишка Андрія,вулиця,Дніпровський
Малоземельна,вулиця,Дарницький
Малокитаївська,вулиця,Голосіївський
Малокитаївський,провулок,Голосіївський
Маломарганецький,провулок,Дніпровський
Малопідвальна,вулиця,Шевченківський
Малосадова ,вулиця,Святошинський
Мальовнича,вулиця,Святошинський
Мальовничий,провулок,Святошинський
Маміна-Сибіряка,вулиця,Солом'янський
Маньківська,вулиця,Дарницький
Марганецька,вулиця,Дніпровський
Марганецький,провулок,Дніпровський
Маричанська,вулиця,Голосіївський
Марії Капніст,вулиця,Шевченківський
Марка Вовчка,вулиця,Оболонський
Марка Черемшини,вулиця,Дніпровський
Маркса Карла,вулиця,Деснянський
Маркса Карла,вулиця,Солом'янський
Маркса Карла,вулиця,Дарницький
Мартиросяна,вулиця,Солом'янський
Марусі Чурай,провулок,Солом'янський
Маршака,вулиця,Святошинський
Маршака,провулок,Святошинський
Маршака 2,провулок,Святошинський
Маршака 3,провулок,Святошинський
Маршальська,вулиця,Голосіївський
Мар'яненка Івана,провулок,Печерський
Маслівка,вулиця,Дарницький
Маслюченко Варвари,вулиця,Дарницький
Матеюка Миколи,вулиця,Деснянський
Матикіна Генерала,вулиця,Голосіївський
Матросова,вулиця,Деснянський
Матросова Олександра,вулиця,Печерський
Машиністівська,вулиця,"Дніпровський, Дарницький"
Машинобудівна,вулиця,Солом'янський
Машинобудівний,провулок,Солом'янський
Маяковського,вулиця,Деснянський
Маяковського Володимира,проспект,Деснянський
Медвинська,вулиця,Солом'янський
Медична,вулиця,Солом'янський
Медова,вулиця,Солом'янський
Медоносна,вулиця,Дарницький
Межигірська,вулиця,Подільський
Межова,вулиця,Подільський
Межовий,провулок,Подільський
Мейтуса Композитора,вулиця,Голосіївський
Меліоративна ,вулиця,Деснянський
Мельниченка,вулиця,Святошинський
Менделєєва,вулиця,Печерський
Металістів,вулиця,Солом'янський
Металістів,провулок,Солом'янський
Метробудівська,вулиця,Солом'янський
Метрологічна,вулиця,Голосіївський
Мефодіївський,провулок,Шевченківський
Мечнікова,вулиця,Печерський
Микешина,вулиця,Дніпровський
Микитенка Івана,вулиця,Дніпровський
Микільський,провулок,Печерський
Микільсько-Ботанічна,вулиця,Голосіївський
Микільсько-Слобідська,вулиця,Дніпровський
Миколайчука Івана,вулиця,Дніпровський
Миколи Богуславського,вулиця,Святошинський
Миколи Голего,вулиця,Солом'янський
Миколи Левитського,вулиця,Голосіївський
Миколи Носова,вулиця,Святошинський
Миколи Плав'юка,вулиця,Оболонський
Миколи Рябовола,вулиця,Голосіївський
Миколи Хвильового ,вулиця,Дарницький
Милославська,вулиця,Деснянський
Милославський,провулок,Деснянський
Мильний,провулок,Подільський
Мирна,вулиця,Шевченківський
Миронівська,вулиця,Солом'янський
Миропільська,вулиця,"Деснянський, Дніпровський"
Миру,проспект,Дніпровський
Миру,вулиця,Деснянський
Миру,вулиця,Святошинський
Миру,провулок,Святошинський
Мисливська,вулиця,Дарницький
Мисливська,вулиця,Голосіївський
Мисливський,провулок,Голосіївський
Мистецька,вулиця,Голосіївський
Митрополита Андрея Шептицького,вулиця,Дніпровський
Митрополита Володимира Сабодана,вулиця,Деснянський
Митрофана Довнар-Запольського,вулиця,Шевченківський
Михайла Білинського,вулиця,Деснянський
Михайла Дерегуса,вулиця,Солом'янський
Михайла Лучкая ,вулиця,Солом’янський
Михайла Омеляновича-Павленка,вулиця,Печерський
Михайла Петренка,вулиця,Голосіївський
Михайла Рибакова,вулиця,Святошинський
Михайлівська,вулиця,Шевченківський
Михайлівська,площа,Шевченківський
Михайлівський,провулок,Шевченківський
Михайля Семенка,вулиця,Голосіївський
Мишуги Олександра,вулиця,Дарницький
Міжнародна,вулиця,Святошинський
Міжозерна (Західно-Кільцева),вулиця,Дарницький
Мілени Рудницької,вулиця,Дарницький
Мілютенка,вулиця,Деснянський
Мініна,вулиця,Дніпровський
Мінська,вулиця,Подільський
Мінська,площа,Оболонський
Мінський,провулок,Подільський
Мінський,проспект,Оболонський
Мірошниченко Євгенії,вулиця,Шевченківський
Міська ,вулиця,"Оболонський, Подільський, Святошинський"
Місячна,вулиця,Солом'янський
Міцкевича Адама,вулиця,Солом'янський
Мічуріна,вулиця,Печерський
Мічуріна,провулок,Печерський
Мічуріна,вулиця,Солом'янський
Мічуріна,вулиця,Деснянський
Мічуріна,вулиця,Оболонський
Млинна,вулиця,Дарницький
Млієвська ,вулиця,Подільський
Модзалевського Вадима,вулиця,Деснянський
Можайська,вулиця,Солом'янський
Молдовська,вулиця,Шевченківський
Молодіжна,вулиця,Солом'янський
Молодіжний,провулок,Деснянський
Молодогвардійська ,вулиця,Солом'янський
Моложанська,вулиця,Деснянський
Молокова,вулиця,Солом'янський
Молочанська,вулиця,Дарницький
Молочанський,провулок,Дарницький
Монтажників ,вулиця,Солом'янський
Моринецька,вулиця,Подільський
Моринецький,провулок,Подільський
Москаленка Маршала,вулиця,Дарницький
Москвіна,вулиця,Голосіївський
Москвіна,провулок,Голосіївський
Москворецька,вулиця,Святошинський
Московська,вулиця,Печерський
Московська,вулиця,Солом'янський
Московський,провулок,Солом'янський
Мостицька ,вулиця,Подільський
Мостищанська,вулиця,Деснянський
Мостищанський,провулок,Деснянський
Мостова,вулиця,Солом'янський
Мостова,вулиця,Дарницький
Мостовий,провулок,Солом'янський
Моторна ,вулиця,Голосіївський
Моторний ,провулок,Голосіївський
Музейний ,провулок,Печерський
Музичанська,вулиця,Святошинський
Мукачівська,вулиця,Оболонський
Мурашка Миколи,вулиця,Шевченківський
Мурманська ,вулиця,Деснянський
Муромська,вулиця,Шевченківський
Муромська,вулиця,Деснянський
М'ятна,вулиця,Солом'янський
Набережна,вулиця,Солом'янський
Набережна,вулиця,Дарницький
Набережна ,вулиця,Дарницький
Набережна 1,вулиця,Дарницький
Набережна 10-та,вулиця,Дарницький
Набережна 11-та,вулиця,Дарницький
Набережна 12-та,вулиця,Дарницький
Набережна 13-та,вулиця,Дарницький
Набережна 14-та,вулиця,Дарницький
Набережна 15-та,вулиця,Дарницький
Набережна 2,вулиця,Дарницький
Набережна 3,вулиця,Дарницький
Набережна 4,вулиця,Дарницький
Набережна 5,вулиця,Дарницький
Набережна 6,вулиця,Дарницький
Набережна 7,вулиця,Дарницький
Набережна 8-ма,вулиця,Дарницький
Набережна 9-та,вулиця,Дарницький
Набережне,шосе,"Печерський, Подільський"
Набережний,провулок,Голосіївський
Набережно-Жилянська,вулиця,Голосіївський
Набережно-Корчуватська,вулиця,Голосіївський
Набережно-Лугова,вулиця,Подільський
Набережно-Печерська,дорога,"Голосіївський, Печерський "
Набережно-Рибальська,дорога,Подільський
Набережно-Хрещатицька,вулиця,Подільський
Навашина Академіка,вулиця,Оболонський
Навої Алішера,проспект,Дніпровський
Нагірна,вулиця,Шевченківський
Нагірний,провулок,Шевченківський
Наддніпрянське,шосе,"Голосіївський, Печерський "
Надії,вулиця,Деснянський
Над'ярна,вулиця,Солом'янський
Назарівська,вулиця,Шевченківський
Назарія Яремчука,вулиця,Голосіївський
Нарбута Георгія,вулиця,Подільський
Народна,вулиця,Солом'янський
Народний,провулок,Солом'янський
Народного Ополчення,вулиця,Солом'янський
Науки,проспект,Голосіївський
Наумова Генерала,вулиця,Святошинський
Наумовича Володимира,вулиця,Святошинський
Нахімова,вулиця,Подільський
Нахімова,вулиця,Деснянський
Національної Гвардії,вулиця,Деснянський
Невський,провулок,Шевченківський
Незалежності ,майдан,Шевченківський
Некрасівська,вулиця,Шевченківський
Некрасова,вулиця,Деснянський
Нектарна,вулиця,Дарницький
Немировича-Данченка,вулиця,Печерський
Нестайка Всеволода,вулиця,Дніпровський
Нестерова ,вулиця,Шевченківський
Несторівський,провулок,Шевченківський
Неходи Івана,вулиця,Солом'янський
Нечуя-Левицького,вулиця,Солом'янський
Нечуя-Левицького,провулок,Солом'янський
Нивська,вулиця,Шевченківський
Нижній Вал,вулиця,Дарницький
Нижній Вал,вулиця,Подільський
Нижньоключова,вулиця,Солом'янський
Нижньоюрківська,вулиця,Подільський
Нижньоюрківський,провулок,Шевченківський
Низинна,вулиця,Голосіївський
Никифора Дровняка,вулиця,Деснянський
Ніжинська,вулиця,Солом'янський
Ніколаєва Архітектора,вулиця,Деснянський
Нікопольська,вулиця,Голосіївський
Ніла Хасевича,вулиця,Солом’янський
Німанська,вулиця,Печерський
Німецька,вулиця,"Голосіївський, Печерський"
Ніщинського Петра,вулиця,Солом'янський
Нова 1-ша,вулиця,Подільський
Нова 2-га,вулиця,Подільський
Нова 3-тя,вулиця,Подільський
Нова 4-та,вулиця,Подільський
Новаторів,вулиця,Дніпровський
Новаторів,провулок,Дніпровський
Новгородська,вулиця,Солом'янський
Новикова-Прибоя,вулиця,Оболонський
Нововокзальна,вулиця,Солом'янський
Новогоспітальна,вулиця,Печерський
Ново-Дарницька,вулиця,Дарницький
Новодачний,провулок,Солом'янський
Новозабарська,вулиця,Оболонський
Новокодацька,вулиця,Солом'янський
Ново-Корчуватська,вулиця,Голосіївський
Новокостянтинівська,вулиця,"Оболонський, Подільський"
Новомакарівська,вулиця,Шевченківський
Новомічурінська,вулиця,Солом'янський
Новомостицька,вулиця,Подільський
Новонаводницький,провулок,Печерський
Новонародний,провулок,Солом'янський
Новопечерський,провулок,Печерський
Новопирогівська,вулиця,Голосіївський
Новопольова,вулиця,Солом'янський
Новорічна,вулиця,Солом'янський
Новоселицька,вулиця,Печерський
Новоселицький,провулок,Печерський
Новоукраїнська,вулиця,Шевченківський
Оболонська,набережна,Оболонський
Оболонська,площа,Оболонський
Оболонська,вулиця,Подільський
Оболонський,проспект,Оболонський
Оборони Києва,вулиця,Святошинський
Оборонна,вулиця,Солом'янський
Оборонний,провулок,Солом'янський
Обсерваторна,вулиця,Шевченківський
Обухівська,вулиця,Святошинський
Овочевий,провулок,Шевченківський
Овруцька,вулиця,Шевченківський
Огарьова,вулиця,Святошинський
Огієнка Івана,вулиця,Солом'янський
Огіркова,вулиця,Подільський
Одеська,вулиця,Солом'янський
Одеська,площа,Голосіївський
Одоєвського,вулиця,Подільський
Одоєвського,провулок,Подільський
Ожинова (Озерна 4),вулиця,Дарницький
Озерна,вулиця,Оболонський
Озерна,вулиця,Солом'янський
Озерна,вулиця,Дарницький
Озерна,вулиця,"Святошинський (СТ ""Нивки"")"
Озерна 1,вулиця,Дарницький
Озерна 1,вулиця,Дарницький
Озерна 2,вулиця,Дарницький
Озерна 2,вулиця,Дарницький
Озерна 3,вулиця,Дарницький
Озерна 4-та,вулиця,Дарницький
Озерний,провулок,Дарницький
Окіпної Раїси,вулиця,Дніпровський
Олевська,вулиця,Святошинський
Олегівська,вулиця,Шевченківський
Олександра Богомазова,вулиця,Солом'янський
Олександра Олеся,вулиця,Подільський
Олександра Осецького,вулиця,Голосіївський
Олександра Удовиченка,вулиця,Голосіївський
Олександрівська,вулиця,Деснянський
Олександрівська,вулиця,Шевченківський
Олекси Синявського,вулиця,Святошинський
Олекси Тихого,вулиця,Солом'янський
Олексіївська,вулиця,Солом'янський
Олексія Береста,вулиця,Святошинський
Олени Апанович,вулиця,Голосіївський
Олени Курило,вулиця,Святошинський
Олени Пчілки,вулиця,Дарницький
Оленівська,вулиця,Подільський
Олійника Степана,вулиця,Дарницький
Ольгинська,вулиця,Печерський
Ольжича,вулиця,Шевченківський
Омелютинська,вулиця,Печерський
Омеляна Поповича,вулиця,Голосіївський
Онискевича Григорія,вулиця,Святошинський
Опришківська,вулиця,Дніпровський
Оранжерейна,вулиця,Шевченківський
Орбітна,вулиця,Голосіївський
Організаторська,вулиця,Солом'янський
Ореста Субтельного,вулиця,Оболонський
Ореста Чемеринського,вулиця,Деснянський
Орлика Пилипа,вулиця,Печерський
Орловська,вулиця,Шевченківський
Орловський,провулок,Шевченківський
Орська,вулиця,Подільський
Орхідейна,вулиця,Дарницький
Освіти,вулиця,Солом'янський
Осиповського,вулиця,Подільський
Осінній,провулок,Святошинський
Осіння,вулиця,Святошинський
Оскольська,вулиця,Голосіївський
Оскольський,провулок,Голосіївський
Осокорська,вулиця,Дарницький
Осокорський,провулок,Дарницький
Остапа Вересая,вулиця,Голосіївський
Остапа Вишні,вулиця,Печерський
Остерська,вулиця,Дніпровський
Остерський,провулок,Дніпровський
Острівна,вулиця,Голосіївський
Острівна 1,вулиця,Голосіївський
Острівна 2,вулиця,Голосіївський
Отця Анатолія Жураковського,вулиця,Солом'янський
Охтирська,вулиця,Солом'янський
Охтирський,провулок,Голосіївський
Очаківська,вулиця,Солом'янський
Очаківський,провулок,Солом'янський
Павла Филиповича,вулиця,Деснянський
Павла Чубинського,вулиця,Дарницький
Павленка,провулок,Святошинський
Павленка,вулиця,Святошинський
Павлівська,вулиця,Шевченківський
Павлоградська,вулиця,Подільський
Палладіна Академіка,проспект,Святошинський
Памви Беринди,провулок,Печерський
Панаса Мирного,вулиця,Печерський
Панаса Мирного,провулок,Печерський
Панорамна,вулиця,Голосіївський
Пантелеймонівська,вулиця,Голосіївський
Пантелькіна Анатолія,вулиця,Святошинський
Панча Петра,вулиця,Оболонський
Паньківська,вулиця,Голосіївський
Параджанова Сергія,вулиця,Шевченківський
Параджанова Сергія,провулок,Шевченківський
Парашутистів,вулиця,Святошинський
Парашутистів,провулок,Святошинський
Паркова,вулиця,Подільський
Паркова,дорога,Печерський
Парковий,провулок,Подільський
Парково-Сирецька,вулиця,Шевченківський
Парникова,вулиця,Голосіївський
Паровозна,вулиця,Дніпровський
Паровозний,провулок,Дніпровський
Пасічна,вулиця,Дарницький
Пасхаліна Юрія,вулиця,Дарницький
Патона Академіка,провулок,Подільський
Паторжинського,вулиця,Шевченківський
Патріарха Володимира Романюка,вулиця,Святошинський
Патріарха Мстислава Скрипника,вулиця,Солом'янський
Патріотів,вулиця,Солом'янський
Паустовського,вулиця,Солом'янський
Пашківська,вулиця,Святошинський
Первомайського Леоніда,вулиця,Печерський
Передова,вулиця,Голосіївський
Перемоги,площа,Шевченківський
Перемоги,проспект,"Шевченківський, Святошинський, Солом'янський"
Перемоги,вулиця,Святошинський
Пересіченський,провулок,Голосіївський
Переяславська,вулиця,Подільський
Переяславська,вулиця,Дарницький
Перова,бульвар,Дніпровський
Персикова (Озерна 16),вулиця,Дарницький
Перша,вулиця,Оболонський
Першого Травня ,вулиця,Дарницький
Пестеля Павла,вулиця,Шевченківський
Петлюри Симона,вулиця,Шевченківський
Петра Дорошенка,вулиця,Святошинський
Петра Радзіня,вулиця,Дарницький
Петрицького Анатолія,вулиця,Святошинський
Петріва Всеволода,провулок,Шевченківський
Петрівська,алея,Печерський
Петрівська,вулиця,Шевченківський
Петропавлівська,площа,Оболонський
Петропавлівська,вулиця,Подільський
Петропавлівський,провулок,Подільський
Петрусенко Оксани,вулиця,Голосіївський
Печенізька,вулиця,Шевченківський
Печерська,площа,Печерський
Печерський,узвіз,Печерський
Пилипа Коновала,вулиця,"Голосіївський, Солом’янський"
Пилипа Морачевського,вулиця,Голосіївський
Пилипівський,провулок,Шевченківський
Пимоненка Миколи,вулиця,Шевченківський
Пирнівська,вулиця,Деснянський
Пирогівський шлях,вулиця,Голосіївський
Пирогова,вулиця,Шевченківський
Пироговського Олександра,вулиця,Солом'янський
Пирятинська,вулиця,Печерський
Пирятинський,провулок,Печерський
Писаржевського Академіка,вулиця,Голосіївський
Південна,вулиця,Шевченківський
Північна,вулиця,Оболонський
Північна,вулиця,Дніпровський
Північний,провулок,Святошинський
Північно-Озерна,вулиця,Дарницький
Північно-Озерний 1,провулок,Дарницький
Північно-Озерний 10,провулок,Дарницький
Північно-Озерний 2,провулок,Дарницький
Північно-Озерний 3,провулок,Дарницький
Північно-Озерний 4,провулок,Дарницький
Північно-Озерний 5,провулок,Дарницький
Північно-Озерний 6,провулок,Дарницький
Північно-Озерний 7,провулок,Дарницький
Північно-Озерний 8,провулок,Дарницький
Північно-Озерний 9,провулок,Дарницький
Північно-Сирецька,вулиця,Подільський
Північно-Степова,вулиця,Дарницький
Підбірна,вулиця,Дарницький
Підбірна,вулиця,Голосіївський
Підбірний,провулок,Голосіївський
Підвисоцького Професора,вулиця,Печерський
Підгірна,вулиця,Шевченківський
Піддубного Івана,вулиця,Солом'янський
Підлипка,вулиця,Дарницький
Підлісна,вулиця,Святошинський
Пілот,вулиця,Дніпровський
Пітерська,вулиця,Солом'янський
Піхотна,вулиця,Подільський
Піхотний,провулок,Подільський
Піхтова,вулиця,Дарницький
Пішохідний,провулок,Печерський
Планерна,вулиця,Солом'янський
Планетарна,вулиця,Солом'янський
Планетна,вулиця,Голосіївський
Платонівська,вулиця,Солом'янський
Платонівський,провулок,Солом'янський
Плахотнюка Миколи,вулиця,Деснянський
Плеханова,вулиця,Дніпровський
Плещеєва,провулок,Голосіївський
Плещеєва,вулиця,Голосіївський
Плодова,вулиця,Святошинський
Пляхівська,вулиця,Деснянський
Повздовжня 1,вулиця,Оболонський
Повздовжня 2,вулиця,Оболонський
Повітрофлотська,вулиця,Солом'янський
Повітрофлотський,проспект,"Шевченківський, Солом'янський"
Подільський,провулок,Подільський
Подільський,узвіз,Шевченківський
Пожарського,вулиця,Дніпровський
Пожарського,вулиця,Деснянський
Позняківська,вулиця,Дарницький
Позняківський,провулок,Дарницький
Покотила Володимира,вулиця,Святошинський
Покровська,вулиця,Подільський
Ползунова,вулиця,Солом'янський
Поліська,вулиця,Дарницький
Поліський,провулок,Дарницький
Політехнічна,вулиця,Солом'янський
Політехнічний,провулок,"Солом'янський, Шевченківський"
Полкова,вулиця,Подільський
Полковий,провулок,Подільський
Половецька,вулиця,Шевченківський
Полонської-Василенко,вулиця,Голосіївський
Полоцький,провулок,Голосіївський
Полтавська,вулиця,Шевченківський
Польова,вулиця,Солом'янський
Польова,вулиця,Деснянський
Польова,вулиця,Дарницький
Польовий,провулок,Солом'янський
Польовий 1,провулок,Дарницький
Полякова Олександра,вулиця,Печерський
Полянська,вулиця,Шевченківський
Полянський,провулок,Шевченківський
Полярна,вулиця,Оболонський
Помаранчева,вулиця,Солом'янський
Помильська,вулиця,Деснянський
Пономарьова,вулиця,Святошинський
Попельнянська,вулиця,Солом'янський
Поперечна 1,вулиця,Оболонський
Поперечна 2,вулиця,Оболонський
Поперечна 3,вулиця,Оболонський
Поперечна 4,вулиця,Оболонський
Попова,провулок,Оболонський
Попова,вулиця,Оболонський
Попудренка,вулиця,"Дніпровський, Деснянський"
Порика Василя,проспект,Подільський
Порічкова,вулиця,Подільський
Пост-Волинська,вулиця,Солом'янський
Постова,вулиця,Солом'янський
Потапова Генерала,вулиця,Святошинський
Потебні Академіка,вулиця,Солом'янський
Потєхіна Полковника,вулиця,Голосіївський
Потоцького Павла,вулиця,Солом'янський
Похила,вулиця,Солом'янський
Почайнинська,вулиця,Подільський
Поштова,площа,Подільський
Правди,проспект,Подільський
Правобережна,вулиця,Печерський
Празька,вулиця,Дніпровський
Практична,вулиця,Солом'янський
Праці,бульвар,Дніпровський
Предславинська,вулиця,Печерський
Преображенська,вулиця,Солом'янський
Пржевальського,вулиця,Солом'янський
Прибережна ,вулиця,Дніпровський
Прибережна Садова,вулиця,Дніпровський
Привітна,вулиця,Солом'янський
Привокзальна,вулиця,Дарницький
Привокзальна,площа,Дарницький
Призалізнична,вулиця,Дніпровський
Приймаченко Марії,бульвар,Печерський
Приколійна,вулиця,Дарницький
Прикордонна,вулиця,Деснянський
Приладний,провулок,Святошинський
Прилужна,вулиця,Святошинський
Приозерна,вулиця,Дарницький
Приозерна,вулиця,Оболонський
Прип'ятська,вулиця,Дарницький
Прип'ятський,провулок,Дарницький
Прирічна,вулиця,Оболонський
Притисько-Микільська,вулиця,Подільський
Причальна,вулиця,Дарницький
Пришвіна,вулиця,Святошинський
Пріорська,вулиця,Оболонський
Провіантська,вулиця,Шевченківський
Провідницька,вулиця,Солом'янський
Продольна 1,вулиця,Оболонський
Продольна 2,вулиця,Оболонський
Проектна,вулиця,Святошинський
Проектна - 13125 (1-ша Абрикосова),вулиця,Дарницький
Проектна - 13126 (2-га Абрикосова),вулиця,Дарницький
Проектна - 13127 (3-тя Абрикосова),вулиця,Дарницький
Проектна - 13128 (4-та Абрикосова),вулиця,Дарницький
Проектна - 13129 (5-та Абрикосова),вулиця,Дарницький
Проектна - 13130 (6-та Абрикосова),вулиця,Дарницький
Проектна - 13131 (7-ма Абрикосова),вулиця,Дарницький
Проектна - 13132 (8-ма Абрикосова),вулиця,Дарницький
Проектна - 13133 (9-та Абрикосова),вулиця,Дарницький
Проектна - 13134 (10-та Абрикосова),вулиця,Дарницький
Проектна - 13135 (11-та Абрикосова),вулиця,Дарницький
Проектна - 13136 (12-та Абрикосова),вулиця,Дарницький
Проектна - 13137 (13-та Абрикосова),вулиця,Дарницький
Прокоповича Петра,вулиця,Дарницький
Пролетарська,вулиця,Голосіївський
Пролетарський,провулок,Голосіївський
Промениста,вулиця,Деснянський
Промениста,вулиця,Солом'янський
Промислова,вулиця,Дарницький
Промислова,вулиця,Голосіївський
Промисловий,провулок,Дарницький
Прополісний,провулок,Дарницький
Прорізна,вулиця,Шевченківський
Прорізна,вулиця,Святошинський
Прорізний,провулок,Святошинський
Протасів Яр,вулиця,Солом'янський
Професора Делоне,вулиця,Солом'янський
Профспілкова,вулиця,Дніпровський
Профспілковий,провулок,Дніпровський
Проценко Людмили,вулиця,Солом'янський
Псковська,вулиця,Голосіївський
Псковський,провулок,Голосіївський
Пулюя Івана,вулиця,Солом'янський
Путивльська,вулиця,Деснянський
Путивльський,провулок,Деснянський
Пухівська,вулиця,Деснянський
Пухова Генерала,вулиця,Святошинський
Пушиної Феодори,вулиця,Святошинський
Пушкіна,вулиця,Деснянський
Пушкінська,вулиця,Шевченківський
Пуща-Водицька,вулиця,Подільський
Пуща-Водицький,провулок,Подільський
Пшенична,вулиця,Святошинський
П'ята,вулиця,Оболонський
П'ятигорська,вулиця,Голосіївський
П'ятигорський,провулок,Голосіївський
Радистів,вулиця,Деснянський
Радистів,провулок,Деснянський
Радистів,провулок,Деснянський
Радистів 1,провулок,Деснянський
Радистів 2,провулок,Деснянський
Радистів 3,провулок,Деснянський
Радищева,вулиця,Солом'янський
Радищева,провулок,Солом'янський
Радіальна,вулиця,Печерський
Радісна,вулиця,Солом'янський
Радісний,провулок,Дарницький
Радомишльська,вулиця,Оболонський
Радосинська,вулиця,Деснянський
Радунська,вулиця,Деснянський
Радченка Петра,вулиця,Солом'янський
Радченко Клавдії,вулиця,Голосіївський
Раєвського Миколи,вулиця,Печерський
Райгородська,вулиця,Голосіївський
Райгородський,провулок,Голосіївський
Райдужна,вулиця,Дніпровський
Ракетна,вулиця,Голосіївський
Ранетна,вулиця,Подільський
Рататюків,провулок,Голосіївський
Рахманінова,вулиця,Святошинський
Ревуцького,вулиця,Дарницький
Регенераторна,вулиця,Дніпровський
Редутна,вулиця,Печерський
Редутний,провулок,Печерський
Редьчинська,вулиця,Оболонський
Редьчинський ,проїзд,Оболонський
Резервна,вулиця,Оболонський
Рейтарська,вулиця,Шевченківський
Ремісничий,провулок,Голосіївський
Ремонтна,вулиця,Дарницький
Ржевський,провулок,Голосіївський
Ржищівська,вулиця,Печерський
Рибака Натана,вулиця,Деснянський
Рибалка Маршала,вулиця,Шевченківський
Рибальська,вулиця,Печерський
Рибна,вулиця,Солом'янський
Рибний,провулок,Солом'янський
Риболовецька,вулиця,Голосіївський
Ризька,вулиця,Шевченківський
Рилєєва,вулиця,Подільський
Рилєєва,провулок,Подільський
Рильський,провулок,Шевченківський
Рильського Максима,вулиця,Голосіївський
Римського-Корсакова,вулиця,Голосіївський
Ринковий ,провулок,Шевченківський
Різдвяна,вулиця,Солом'янський
Різницька,вулиця,Печерський
Річна,вулиця,Шевченківський
Роберта Конквеста,вулиця,Деснянський
Робітнича,вулиця,Святошинський
Робітнича,вулиця,Солом'янський
Робітничий,провулок,Святошинський
Рогнідинська,вулиця,Печерський
Рогозівська,вулиця,Дніпровський
Родимцева Генерала,вулиця,Голосіївський
Родини Вороних,вулиця,Деснянський
Родини Кістяківських,вулиця,Голосіївський
Родини Костюків,вулиця,Оболонський
Родини Крістерів,вулиця,Подільський
Родини Рудинських,вулиця,Дарницький
Рожева,вулиця,Подільський
Рожевий,провулок,Подільський
Рожнівська,вулиця,Оболонський
Рожнянська,вулиця,Деснянський
Розважівський,провулок,Подільський
Роздільна,вулиця,Солом'янський
Рокитнянська,вулиця,Святошинський
Рокоссовського Маршала,проспект,Оболонський
Роллана Ромена,бульвар,Святошинський
Романа Шухевича,проспект,"Деснянський, Дніпровський"
Романова Михайла,вулиця,Голосіївський
Ромоданівська,вулиця,Печерський
Россошанська,вулиця,Дарницький
Ростовська,вулиця,Подільський
Рощинський,провулок,Солом'янський
Рубежівська,вулиця,Святошинський
Рубежівський,провулок,Святошинський
Рубіновий,провулок,Деснянський
Руданського Степана,вулиця,Шевченківський
Руденко Лариси,вулиця,Дарницький
Ружинська,вулиця,Шевченківський
Ружинський,провулок,Шевченківський
Русанівська ,набережна,Дніпровський
Русанівський,бульвар,Дніпровський
Русової Софії,вулиця,Дарницький
Руставелі Шота,вулиця,Печерський
Рябова Олега,вулиця,Голосіївський
Рясний,провулок,Подільський
Саврасова,вулиця,Солом'янський
Сагайдачного Петра,вулиця,Подільський
Садова,вулиця,Оболонський
Садова,вулиця,Солом'янський
Садова,вулиця,Дарницький
Садова,вулиця,Деснянський
Садова,вулиця,Дніпровський
Садова,вулиця,Голосіївський
Садова,вулиця,Печерський
Садова 1,вулиця,Дарницький
Садова 1,вулиця,Святошинський
Садова 1,вулиця,Святошинський
Садова 1,вулиця,Дніпровський
Садова 1,вулиця,Оболонський
Садова 1,вулиця,Святошинський
Садова 10,вулиця,Святошинський
Садова 10,вулиця,Оболонський
Садова 10,вулиця,Дніпровський
Садова 100,вулиця,Дарницький
Садова 101,вулиця,Дарницький
Садова 102,вулиця,Дарницький
Садова 103,вулиця,Дарницький
Садова 104,вулиця,Дарницький
Садова 105,вулиця,Дарницький
Садова 106,вулиця,Дарницький
Садова 107,вулиця,Дарницький
Садова 108,вулиця,Дарницький
Садова 109,вулиця,Дарницький
Садова 11,вулиця,Дніпровський
Садова 11,вулиця,Святошинський
Садова 11,вулиця,Оболонський
Садова 110,вулиця,Дарницький
Садова 111,вулиця,Дарницький
Садова 112,вулиця,Дарницький
Садова 113,вулиця,Дарницький
Садова 114,вулиця,Дарницький
Садова 115,вулиця,Дарницький
Садова 116,вулиця,Дарницький
Садова 117,вулиця,Дарницький
Садова 118,вулиця,Дарницький
Садова 118а,вулиця,Дарницький
Садова 119,вулиця,Дарницький
Садова 12,вулиця,Святошинський
Садова 12,вулиця,Оболонський
Садова 12,вулиця,Дніпровський
Садова 120,вулиця,Дарницький
Садова 121,вулиця,Дарницький
Садова 122,вулиця,Дарницький
Садова 123,вулиця,Дарницький
Садова 124,вулиця,Дарницький
Садова 125,вулиця,Дарницький
Садова 126,вулиця,Дарницький
Садова 127,вулиця,Дарницький
Садова 128,вулиця,Дарницький
Садова 129,вулиця,Дарницький
Садова 13,вулиця,Святошинський
Садова 13,вулиця,Оболонський
Садова 13,вулиця,Дніпровський
Садова 130,вулиця,Дарницький
Садова 131,вулиця,Дарницький
Садова 132,вулиця,Дарницький
Садова 133,вулиця,Дарницький
Садова 134,вулиця,Дарницький
Садова 135,вулиця,Дарницький
Садова 136,вулиця,Дарницький
Садова 137,вулиця,Дарницький
Садова 138,вулиця,Дарницький
Садова 139,вулиця,Дарницький
Садова 14,вулиця,Святошинський
Садова 14,вулиця,Дніпровський
Садова 14,вулиця,Оболонський
Садова 15,вулиця,Оболонський
Садова 15,вулиця,Святошинський
Садова 15,вулиця,Дніпровський
Садова 150,вулиця,Дарницький
Садова 153,вулиця,Дарницький
Садова 154,вулиця,Дарницький
Садова 155,вулиця,Дарницький
Садова 156,вулиця,Дарницький
Садова 157,вулиця,Дарницький
Садова 158,вулиця,Дарницький
Садова 159,вулиця,Дарницький
Садова 16,вулиця,Дніпровський
Садова 16,вулиця,Святошинський
Садова 16,вулиця,Оболонський
Садова 160,вулиця,Дарницький
Садова 161,вулиця,Дарницький
Садова 162,вулиця,Дарницький
Садова 163,вулиця,Дарницький
Садова 164,вулиця,Дарницький
Садова 165,вулиця,Дарницький
Садова 166,вулиця,Дарницький
Садова 167,вулиця,Дарницький
Садова 168,вулиця,Дарницький
Садова 169,вулиця,Дарницький
Садова 17,вулиця,Святошинський
Садова 17,вулиця,Дніпровський
Садова 17,вулиця,Оболонський
Садова 18,вулиця,Оболонський
Садова 18,вулиця,Дніпровський
Садова 18,вулиця,Святошинський
Садова 180,вулиця,Дарницький
Садова 182,вулиця,Дарницький
Садова 183,вулиця,Дарницький
Садова 19,вулиця,Дніпровський
Садова 19,вулиця,Святошинський
Садова 191,вулиця,Дарницький
Садова 192,вулиця,Дарницький
Садова 193,вулиця,Дарницький
Садова 2,вулиця,Оболонський
Садова 2,вулиця,Оболонський
Садова 2,вулиця,Святошинський
Садова 2,вулиця,Дніпровський
Садова 2,вулиця,"Святошинський (СТ ""Нивки"")"
Садова 2,вулиця,Святошинський
Садова 2,вулиця,Дарницький
Садова 20,вулиця,Святошинський
Садова 20,вулиця,Дніпровський
Садова 200,вулиця,Дніпровський
Садова 201,вулиця,Дніпровський
Садова 202,вулиця,Дніпровський
Садова 203,вулиця,Дніпровський
Садова 204,вулиця,Дніпровський
Садова 205,вулиця,Дніпровський
Садова 206,вулиця,Дніпровський
Садова 207,вулиця,Дніпровський
Садова 208,вулиця,Дніпровський
Садова 209,вулиця,Дніпровський
Садова 21,вулиця,Дніпровський
Садова 21,вулиця,Святошинський
Садова 22,вулиця,Дніпровський
Садова 22,вулиця,Святошинський
Садова 23,вулиця,Дніпровський
Садова 23,вулиця,Оболонський
Садова 23,вулиця,Святошинський
Садова 24,вулиця,Дніпровський
Садова 24,вулиця,Оболонський
Садова 24,вулиця,Святошинський
Садова 25,вулиця,Оболонський
Садова 25,вулиця,Дніпровський
Садова 25,вулиця,Святошинський
Садова 26,вулиця,Святошинський
Садова 26,вулиця,Дніпровський
Садова 27,вулиця,Дніпровський
Садова 28,вулиця,Дніпровський
Садова 29,вулиця,Дніпровський
Садова 3,вулиця,Дніпровський
Садова 3,вулиця,Святошинський
Садова 3,вулиця,Святошинський
Садова 3,вулиця,Оболонський
Садова 3,вулиця,Оболонський
Садова 3,вулиця,Святошинський
Садова 3,вулиця,Дарницький
Садова 30,вулиця,Дніпровський
Садова 30,вулиця,Святошинський
Садова 31,вулиця,Святошинський
Садова 31,вулиця,Дніпровський
Садова 32,вулиця,Дніпровський
Садова 32,вулиця,Святошинський
Садова 33,вулиця,Дніпровський
Садова 33,вулиця,Святошинський
Садова 34,вулиця,Дніпровський
Садова 34,вулиця,Святошинський
Садова 35,вулиця,Дніпровський
Садова 35,вулиця,Святошинський
Садова 36,вулиця,Святошинський
Садова 37,вулиця,Святошинський
Садова 37,вулиця,Дарницький
Садова 4,вулиця,Оболонський
Садова 4,вулиця,Дарницький
Садова 4,вулиця,Святошинський
Садова 4,вулиця,Святошинський
Садова 4,вулиця,Дніпровський
Садова 4,вулиця,Оболонський
Садова 4,вулиця,Святошинський
Садова 40,вулиця,Святошинський
Садова 40,вулиця,Дарницький
Садова 41,вулиця,Дарницький
Садова 41,вулиця,Святошинський
Садова 42,вулиця,Дарницький
Садова 43,вулиця,Дарницький
Садова 44,вулиця,Дарницький
Садова 45,вулиця,Дарницький
Садова 46,вулиця,Дарницький
Садова 47,вулиця,Дарницький
Садова 48,вулиця,Дарницький
Садова 49,вулиця,Дарницький
Садова 5,вулиця,Оболонський
Садова 5,вулиця,Оболонський
Садова 5,вулиця,Дніпровський
Садова 5,вулиця,Святошинський
Садова 5,вулиця,Святошинський
Садова 5,вулиця,Дарницький
Садова 5,вулиця,Святошинський
Садова 50,вулиця,Дарницький
Садова 50а,вулиця,Дарницький
Садова 51,вулиця,Дарницький
Садова 52,вулиця,Дарницький
Садова 53,вулиця,Дарницький
Садова 53а,вулиця,Дарницький
Садова 54,вулиця,Дарницький
Садова 55,вулиця,Дарницький
Садова 56,вулиця,Дарницький
Садова 57,вулиця,Дарницький
Садова 58,вулиця,Дарницький
Садова 59,вулиця,Дарницький
Садова 6,вулиця,Оболонський
Садова 6,вулиця,Оболонський
Садова 6,вулиця,Святошинський
Садова 6,вулиця,Святошинський
Садова 6,вулиця,Дарницький
Садова 6,вулиця,Дніпровський
Садова 60,вулиця,Дарницький
Садова 61,вулиця,Дарницький
Садова 62,вулиця,Дарницький
Садова 63,вулиця,Дарницький
Садова 64,вулиця,Дарницький
Садова 65,вулиця,Дарницький
Садова 66,вулиця,Дарницький
Садова 67,вулиця,Дарницький
Садова 68,вулиця,Дарницький
Садова 69,вулиця,Дарницький
Садова 7,вулиця,Дніпровський
Садова 7,вулиця,Святошинський
Садова 7,вулиця,Оболонський
Садова 7,вулиця,Дарницький
Садова 70,вулиця,Дарницький
Садова 71,вулиця,Дарницький
Садова 72,вулиця,Дарницький
Садова 73,вулиця,Дарницький
Садова 73а,вулиця,Дарницький
Садова 74,вулиця,Дарницький
Садова 75,вулиця,Дарницький
Садова 76,вулиця,Дарницький
Садова 77,вулиця,Дарницький
Садова 78,вулиця,Дарницький
Садова 79,вулиця,Дарницький
Садова 8,вулиця,Дніпровський
Садова 8,вулиця,Святошинський
Садова 8,вулиця,Оболонський
Садова 80,вулиця,Дарницький
Садова 81,вулиця,Дарницький
Садова 82,вулиця,Дарницький
Садова 83,вулиця,Дарницький
Садова 84,вулиця,Дарницький
Садова 85,вулиця,Дарницький
Садова 86,вулиця,Дарницький
Садова 87,вулиця,Дарницький
Садова 88,вулиця,Дарницький
Садова 89,вулиця,Дарницький
Садова 9,вулиця,Дніпровський
Садова 9,вулиця,Оболонський
Садова 9,вулиця,Святошинський
Садова 90,вулиця,Дарницький
Садова 91,вулиця,Дарницький
Садова 92,вулиця,Дарницький
Садова 93,вулиця,Дарницький
Садова 94,вулиця,Дарницький
Садова 95,вулиця,Дарницький
Садова 96,вулиця,Дарницький
Садова 97,вулиця,Дарницький
Садова 98,вулиця,Дарницький
Садова 99,вулиця,Дарницький
Садовий,провулок,Солом'янський
Садовий,провулок,Оболонський
Садовий 1,провулок,Дарницький
Садовий 1,провулок,Дніпровський
Садовий 2,провулок,Дарницький
Садовий 2,провулок,Деснянський
Садовий 2,провулок,Дніпровський
Садовий 3,провулок,Дарницький
Садовий 3,провулок,Дніпровський
Садовий 4,провулок,Дніпровський
Садовий 5,провулок,Дніпровський
Садовий 5,провулок,Деснянський
Садовий 6,провулок,Деснянський
Садовий 7,провулок,Деснянський
Садово-Набережна,вулиця,Дніпровський
Садовського Миколи,провулок,Подільський
Садовського Миколи,вулиця,Подільський
Сажина,вулиця,Подільський
Саксаганського,вулиця,"Голосіївський, Печерський, Шевченківський"
Салтикова-Щедріна,вулиця,Печерський
Сальського Володимира,вулиця,Шевченківський
Салютна,вулиця,Шевченківський
Салютний,провулок,Шевченківський
Салютний,проїзд,Шевченківський
Самбірський,провулок,Голосіївський
Санаторна,вулиця,Дарницький
Санітарна,вулиця,Голосіївський
Сантьяго-де-Чилі,площа,Оболонський
Саперне Поле,вулиця,Печерський
Саперно-Слобідська,вулиця,Голосіївський
Саперно-Слобідський,проїзд,Голосіївський
Саратовська,вулиця,Шевченківський
Сарматський,провулок,Солом’янський
Сваромська,вулиця,Оболонський
Свєтлова Михайла,вулиця,Святошинський
Світла,вулиця,Дарницький
Світлицького,вулиця,Подільський
Світличного Івана,вулиця,Солом'янський
Світлогірська,вулиця,Солом'янський
Свободи,проспект,Подільський
Святищенська,вулиця,Дарницький
Святкова,вулиця,Солом'янський
Свято-Георгіївська,вулиця,Деснянський
Святоджерельна,вулиця,Голосіївський
Святослава Ріхтера,вулиця,Голосіївський
Святославська,вулиця,Солом'янський
Свято-Троїцька ,вулиця,Деснянський
Святошинська,вулиця,Святошинський
Святошинська,площа,Святошинський
Святошинський,провулок,Святошинський
Севастопольська,вулиця,Дарницький
Севастопольська,площа,Солом'янський
Северина Наливайка,вулиця,Подільський
Северинівська,вулиця,Святошинський
Селекціонерів,вулиця,Голосіївський
Селянська,вулиця,Оболонський
Семафорна,вулиця,Дніпровський
Семашка,вулиця,Святошинський
Семенівська,вулиця,Солом'янський
Сеноманська,вулиця,Дніпровський
Сеноманський,провулок,Дніпровський
Сергієнка Івана,вулиця,Дніпровський
Сергія Висоцького,вулиця,Солом’янський
Сергія Набоки,площа,Дніпровський
Сергія Остапенка,вулиця,Голосіївський
Сергія Шелухіна,вулиця,Голосіївський
Сергія Шишка,вулиця,Солом’янський
Сержа Лифаря,вулиця,Деснянський
Серпнева,вулиця,Голосіївський
Серпова,вулиця,Святошинський
Серпуховський,провулок,Голосіївський
Сетомльська,вулиця,Оболонський
Сєдова,вулиця,Деснянський
Сєдовців,провулок,Печерський
Сєркова Академіка,вулиця,Святошинський
Сєрова Валентина,вулиця,Дніпровський
Сєченова,вулиця,Голосіївський
Сиваська,вулиця,Дніпровський
Сигнальна,вулиця,Солом'янський
Силікатна,вулиця,Дніпровський
Сильвестра Косова,вулиця,Солом'янський
Симиренка,вулиця,Святошинський
Симоненка Василя,вулиця,Голосіївський
Синьоозерна,вулиця,"Подільський, Святошинський"
Синьоозерна 1,вулиця,Подільський
Синьоозерна 2,вулиця,Подільський
Синьоозерна 3,вулиця,Подільський
Синьоозерна 4-та,вулиця,Подільський
Синьоозерна 5-та,вулиця,Подільський
Сирецька,вулиця,"Оболонський, Подільський, Шевченківський"
Сирецький ,проїзд,Подільський
Сирецько-Садова,вулиця,Подільський
Ситняківська,вулиця,Святошинський
Ситняківська,вулиця,Деснянський
Сікорського Ігоря Авіаконструктора,вулиця,Шевченківський
Сільська,вулиця,Святошинський
Сільськогосподарський,провулок,Голосіївський
Сім'ї Ідзиковських,вулиця,Солом'янський
Сім'ї Кульженків,вулиця,Оболонський
Сім'ї Прахових,вулиця,Голосіївський
Сім'ї Стешенків,вулиця,Святошинський
Сім'ї Ханенків,вулиця,Деснянський
Сім'ї Холодних,вулиця,Голосіївський
Сім'ї Шовкоплясів,вулиця,Оболонський
Сімферопольська,вулиця,Дарницький
Сірка Івана,вулиця,Голосіївський
Січнева,вулиця,Голосіївський
Січових Стрільців,вулиця,Шевченківський
Сквирська,вулиця,Голосіївський
Сквирський,провулок,Голосіївський
Скіфська,вулиця,Солом'янський
Скляренка Семена,вулиця,Оболонський
Сковороди Григорія,вулиця,Подільський
Скоропадського Павла,вулиця,Печерський
Славгородська,вулиця,Дарницький
Славгородський,провулок,Дарницький
Слави,площа,Печерський
Славська,вулиця,Деснянський
Сливова,вулиця,Дарницький
Слобідський,провулок,Дніпровський
Словечанська,вулиця,Солом'янський
Слов'янська,вулиця,Солом'янський
Слюсарний,провулок,Дніпровський
Смерекова,вулиця,Солом'янський
Смілянська,вулиця,Солом'янський
Смоленська,вулиця,Солом'янський
Смолича Юрія,вулиця,"Голосіївський, Солом'янський"
Смольна,вулиця,Голосіївський
Смородинова,вулиця,Подільський
Смородинський,узвіз,Шевченківський
Снайперська,вулиця,Голосіївський
Сніжнянський,провулок,Печерський
Сновська,вулиця,Дніпровський
Сновський,провулок,Дніпровський
Соборна,вулиця,Дарницький
Соборності,проспект,Дніпровський
Сови Андрія,вулиця,Деснянський
Совки радгосп,вулиця,Солом'янський
Совська,вулиця,Солом'янський
Совхозна,вулиця,Оболонський
Сокальська,вулиця,Оболонський
Солов'їна,вулиця,Голосіївський
Соловцова Миколи,вулиця,Печерський
Солодкий,провулок,Дарницький
Соломії Павличко,вулиця,Голосіївський
Солом'янська,вулиця,Солом'янський
Солом'янська,площа,Солом'янський
Соляна,вулиця,Шевченківський
Сонячна,вулиця,Шевченківський
Сонячна,вулиця,Дніпровський
Сормовська,вулиця,Дарницький
Сорочинська,вулиця,Печерський
Сортувальна,вулиця,Дарницький
Сосницька,вулиця,Дніпровський
Сосніних Сім'ї,вулиця,Святошинський
Соснова,вулиця,Святошинський
Соснова,вулиця,Святошинський
Соснова,вулиця,Дарницький
Соснова,вулиця,Деснянський
Сосновий,провулок,Деснянський
Сосновий 2,провулок,Деснянський
Сосюри Володимира,вулиця,Дніпровський
Софіївська,вулиця,Шевченківський
Софійська,площа,Шевченківський
Софронівський,провулок,Печерський
Сошенка,вулиця,Подільський
Спартаківська,вулиця,Святошинський
Спаська,вулиця,Подільський
Співака Михайла,площа,Голосіївський
Спортивна,площа,Печерський
Спортивна ,вулиця,Дніпровський
Справедливості,вулиця,Деснянський
Срібнокільська,вулиця,Дарницький
Ставкова,вулиця,Голосіївський
Ставропольська,вулиця,Шевченківський
Ставропольський,провулок,Шевченківський
Стадіонна,вулиця,Солом'янський
Стадіонна,вулиця,Солом'янський
Стадіонний,провулок,Солом'янський
Стальського Сулеймана,вулиця,Дніпровський
Станіславського,вулиця,Печерський
Станюковича,вулиця,Дніпровський
Стара Поляна,вулиця,Шевченківський
Старицького,вулиця,Подільський
Старицького,провулок,Подільський
Старицької-Черняхівської,вулиця,Святошинський
Старобориспільська,вулиця,Дарницький
Старовокзальна,вулиця,Шевченківський
Старожитомирський,провулок,Шевченківський
Старо-Київська,вулиця,Шевченківський
Старокиївський,провулок,Шевченківський
Старонаводницька,вулиця,Печерський
Старообухівська,вулиця,Голосіївський
Старосільська,вулиця,Дніпровський
Старосільська,вулиця,Деснянський
Старосільський,провулок,Дніпровський
Старосільський,провулок,Деснянський
Стельмаха Михайла,вулиця,Голосіївський
Степана Бандери,проспект,"Оболонський, Подільський"
Степана Витвицького,вулиця,Деснянський
Степана Ерастова,провулок,Солом'янський
Степанченка Василя,вулиця,Святошинський
Степовий,провулок,Деснянський
Степового Якова,вулиця,Голосіївський
Стеценка,вулиця,"Подільський, Шевченківський"
Стигольська,вулиця,Деснянський
Столєтова,провулок,Голосіївський
Столєтова,вулиця,Голосіївський
Столичне,шосе,Голосіївський
Сторожова,вулиця,Подільський
Стражеска Академіка,вулиця,Солом'янський
Стратегічне,шосе,Голосіївський
Стратегічний,провулок,Голосіївський
Стратонавтів,вулиця,Святошинський
Стрийська,вулиця,Святошинський
Стрілецька,вулиця,Шевченківський
Стрілкова,вулиця,Голосіївський
Стрітенська,вулиця,Шевченківський
Студентська,вулиця,Шевченківський
Стуса Василя,вулиця,Святошинський
Суворова,вулиця,Деснянський
Суворова,вулиця,Дарницький
Суворова,провулок,Дарницький
Суздальська,вулиця,Солом'янський
Суміжна,вулиця,Дніпровський
Сумська,вулиця,"Голосіївський, Солом'янський"
Сунична (Озерна 7),вулиця,Дарницький
Сурикова,вулиця,Солом'янський
Сухенка Василя,провулок,Дніпровський
Сухомлинського Василя,вулиця,Деснянський
Сухумська,вулиця,Подільський
Східна,вулиця,Дарницький
Східна 1,вулиця,Подільський
Східна 1,вулиця,Дарницький
Східна 2,вулиця,Дарницький
Східна 3,вулиця,Дарницький
Східно-Дальній 1,провулок,Дарницький
Східно-Дальній 2,провулок,Дарницький
Східно-Дальній 3,провулок,Дарницький
Східно-Дальній 4,провулок,Дарницький
Східно-Дальній 5,провулок,Дарницький
Східно-Дальній 6,провулок,Дарницький
Східно-Дальня,вулиця,Дарницький
Табірна,вулиця,Шевченківський
Таврійська,вулиця,Подільський
Таврійський,провулок,Подільський
Таганрозька ,вулиця,Дніпровський
Таганрозький,провулок,Дніпровський
Тагільська ,вулиця,Подільський
Тагільський,провулок,Подільський
Тадея Рильського,бульвар,Голосіївський
Тальнівська,вулиця,Дарницький
Тампере,вулиця,Дніпровський
Танкістів,вулиця,Солом'янський
Таранушенка Стефана,вулиця,Деснянський
Тарасівська,вулиця,Голосіївський
Тарасової Алли,вулиця,Шевченківський
Таращанська ,вулиця,Святошинський
Таращанський,провулок,Святошинський
Татарська,вулиця,Шевченківський
Татарський,провулок,Шевченківський
Ташкентська,вулиця,Дарницький
Тбіліський ,провулок,Шевченківський
Тверський,тупик,Печерський
Творча,вулиця,Голосіївський
Театральна,площа,Шевченківський
Телеграфний,провулок,Печерський
Теліги Олени,вулиця,"Подільський, Шевченківський"
Теплична,вулиця,Святошинський
Тепловозна ,вулиця,Дарницький
Теремківська,вулиця,Голосіївський
Теремківський,провулок,Солом'янський
Терешкової Валентини 2,провулок,Дарницький
Терещенка Миколи,вулиця,Святошинський
Терещенківська ,вулиця,Шевченківський
Тернопільська,вулиця,Святошинський
Терьохіна Олексія,вулиця,Подільський
Теслярська,вулиця,Голосіївський
Тешебаєва,вулиця,Шевченківський
Тимірязєвська,вулиця,Печерський
Тимірязєвський,провулок,Печерський
Тимошенка Маршала,вулиця,Оболонський
Тираспольська,вулиця,Подільський
Тиха ,вулиця,Печерський
Тихвінський,провулок,Голосіївський
Тихонівський,провулок,Голосіївський
Тихорецька,вулиця,Голосіївський
Тихорецький,провулок,Голосіївський
Тичини Павла,проспект,Дніпровський
Тобольський,провулок,Голосіївський
Товарна,вулиця,Печерський
Тодося Осьмачки,вулиця,Деснянський
Толбухіна,вулиця,Шевченківський
Толбухіна,провулок,Шевченківський
Толочанська,вулиця,Деснянський
Толстого,провулок,Дарницький
Толстого Льва,вулиця,"Шевченківський, Солом'янський, Голосіївський"
Толстого Льва,площа,Шевченківський
Толстого Льва,вулиця,Дарницький
Томашевська,вулиця,Деснянський
Томашпільська,вулиця,Дарницький
Тополева ,вулиця,Солом'янський
Тороповського Георгія,вулиця,Дніпровський
Травнева,вулиця,Солом'янський
Травнева,вулиця,Дніпровський
Травневий,провулок,Солом'янський
Трактористів,вулиця,Дніпровський
Траншейна,вулиця,Солом'янський
Трахтемирівська,вулиця,Голосіївський
Третя,вулиця,Оболонський
Трипільська,вулиця,Дарницький
Троїцька,площа,Печерський
Тропініна,провулок,Шевченківський
Тропініна,вулиця,Шевченківський
Тростянецька ,вулиця,Дарницький
Трояндова,вулиця,Дарницький
Трояндова,вулиця,Солом'янський
Трублаїні ,вулиця,Святошинський
Трудова ,вулиця,Шевченківський
Трускавецька,вулиця,Дарницький
Труханівська,вулиця,Дніпровський
Трьохсвятительська,вулиця,Шевченківський
Тулузи,вулиця,Святошинський
Тульська,площа,Оболонський
Тульський,провулок,Голосіївський
Тульчинська,вулиця,Подільський
Туманяна Ованеса,вулиця,Дніпровський
Тупиковий 1,провулок,Дарницький
Тупиковий 2,провулок,Дарницький
Тупиковий 3,провулок,Дарницький
Тупікова Генерала,вулиця,Солом'янський
Туполєва Академіка,вулиця,"Святошинський, Шевченківський"
Тургенєва,вулиця,Деснянський
Тургенєва,провулок,Дарницький
Тургенєва Івана,вулиця,Дарницький
Тургенєвська,вулиця,Шевченківський
Турівська,вулиця,Подільський
Турчина Ігоря,вулиця,Шевченківський
Тутковського Академіка,вулиця,Солом'янський
Ужвій Наталії,вулиця,Подільський
Ужгородська,вулиця,Голосіївський
Ужгородський,провулок,Голосіївський
Узинська,вулиця,Святошинський
Українська,вулиця,Шевченківський
Улітіна Івана,вулиця,Святошинський
Уманська,вулиця,Солом'янський
Університетська,вулиця,Солом'янський
Уральська,вулиця,Голосіївський
Уральський,провулок,Голосіївський
Урлівська,вулиця,Дарницький
Урожайна,вулиця,Дарницький
Усенка Павла,вулиця,Дніпровський
Успішна,вулиця,Голосіївський
Уссурійська,вулиця,Шевченківський
Уссурійський,провулок,Шевченківський
Устинівський,провулок,Солом'янський
Учбова,вулиця,Голосіївський
Учбовий,провулок,Голосіївський
Учительський,провулок,Солом'янський
Ушакова Адмірала,вулиця,Голосіївський
Ушакова Миколи,вулиця,Святошинський
Ушинського,провулок,Солом'янський
Ушинського,вулиця,Солом'янський
Ушицька,вулиця,Деснянський
Фанерна,вулиця,Дніпровський
Фанерний,провулок,Дніпровський
Фастівська,вулиця,Солом'янський
Федора Андерса,вулиця,Солом’янський
Федорова Івана,вулиця,"Голосіївський, Печерський, Солом'янський"
Федосєєва,вулиця,Солом'янський
Федосєєва,провулок,Солом'янський
Федьковича,вулиця,Солом'янський
Федьковича,провулок,Солом'янський
Феодосійська,вулиця,Голосіївський
Феодосійський,провулок,Голосіївський
Феодосія Печерського,вулиця,Голосіївський
Феофанівський,провулок,Голосіївський
Фестивальна,вулиця,Голосіївський
Фіалкова,вулиця,Голосіївський
Фізкультури,вулиця,"Голосіївський, Печерський"
Фізкультури,провулок,Голосіївський
Філатова Академіка,вулиця,Печерський
Філатова Академіка,провулок,Печерський
Фісташкова,вулиця,Дарницький
Флоренції,вулиця,Дніпровський
Франка Івана,вулиця,Шевченківський
Франка Івана,площа,Печерський
Франка Івана,вулиця,Дарницький
Франка Івана,провулок,Дарницький
Франка Івана 1,провулок,Дарницький
Франка Івана 2,провулок,Дарницький
Франка Івана 3,провулок,Дарницький
Франка Івана 4,провулок,Дарницький
Фролівська,вулиця,Подільський
Фролівський,провулок,Подільський
Фрометівська,вулиця,Голосіївський
Фрометівський,узвіз,Голосіївський
Фруктова,вулиця,Подільський
Фузиків,провулок,Шевченківський
Фучика Юліуса,вулиця,Солом'янський
Харківська,площа,Дарницький
Харківське,шосе,"Дніпровський, Дарницький"
Харківський ,провулок,Дарницький
Харченка Євгена,вулиця,Дарницький
Хвойки Вікентія,вулиця,"Подільський, Оболонський"
Хвойна,вулиця,Дарницький
Хлібний,провулок,Дарницький
Хмельницька,вулиця,Святошинський
Хмельницького Богдана,вулиця,Шевченківський
Хмельницького Богдана,вулиця,Деснянський
Холмогорська,вулиця,Голосіївський
Холмогорський,провулок,Голосіївський
Хомова Ярослава,провулок,Солом'янський
Хорива,провулок,Подільський
Хорива,вулиця,Подільський
Хорольська,вулиця,Дніпровський
Хорольський,провулок,Дніпровський
Хортицька,вулиця,Голосіївський
Хортицький,провулок,Голосіївський
Хотинська,вулиця,Подільський
Хотівська,вулиця,Голосіївський
Хоткевича Гната,провулок,"Деснянський,Дніпровський "
Хоткевича Гната,вулиця,"Деснянський,Дніпровський "
Хотянівська,вулиця,Оболонський
Хотянівська,вулиця,Деснянський
Хохлова Костянтина,вулиця,Голосіївський
Хохлових Сім'ї,вулиця,Шевченківський
Хрестовий,провулок,Печерський
Хрещатик,вулиця,"Печерський, Шевченківський"
Хутірська,вулиця,Голосіївський
Хутірський,провулок,Голосіївський
Хутоярівський,провулок,Голосіївський
Царика Григорія,вулиця,Печерський
Цвєтаєвої Марини,вулиця,Деснянський
Цегельна ,вулиця,Дніпровський
Цегельний ,провулок,Голосіївський
Центральна,вулиця,Дніпровський
Центральна,вулиця,Оболонський
Центральна,вулиця,Шевченківський
Центральна ,вулиця,Дарницький
Центральна Садова,вулиця,Дніпровський
Цеткін Клари,вулиця,Оболонський
Цимбалів Яр,провулок,Голосіївський
Цимбалів Яр,вулиця,Голосіївський
Цимлянський ,провулок,Подільський
Цитадельна,вулиця,Печерський
Цілинна,вулиця,Голосіївський
Ціолковського,вулиця,Голосіївський
Ціолковського,провулок,Голосіївський
Цукровий,провулок,Подільський
Цулукідзе,вулиця,Шевченківський
Чаадаєва Петра,вулиця,Дніпровський
Чаадаєва Петра,вулиця,Святошинський
Чабанівська,вулиця,Голосіївський
Чавдар Єлизавети,вулиця,Дарницький
Чайківська,вулиця,Святошинський
Чайкіної Лізи ,вулиця,Печерський
Чайковського,вулиця,Дарницький
Чалого Михайла,вулиця,Святошинський
Чаплигіна,провулок,Шевченківський
Чаплигіна,вулиця,Шевченківський
Челюскінців,вулиця,Дарницький
Челябінська,вулиця,Дніпровський
Червона,вулиця,Солом'янський
Червона Калина,вулиця,Дарницький
Червоний,провулок,Солом'янський
Червонозаводська,вулиця,Святошинський
Червонозаводський,провулок,Святошинський
Червонопільська ,вулиця,Подільський
Червоноткацька ,вулиця,"Деснянський,Дніпровський "
Черешневий ,провулок,Голосіївський
Черкаська,вулиця,Шевченківський
Чернишевського,вулиця,Солом'янський
Чернівецька,вулиця,Солом'янський
Чернігівська,площа,"Деснянський, Дніпровський"
Чернігівська,вулиця,Дарницький
Чернігівська,вулиця,Дніпровський
Чернігівський,провулок,Дарницький
Черняховського,вулиця,Шевченківський
Чеська,вулиця,Печерський
Четверта,вулиця,Оболонський
Чехова,вулиця,Дарницький
Чехова 1,провулок,Дарницький
Чехова 2,провулок,Дарницький
Чеховський,провулок,Шевченківський
Чигиринська,вулиця,Подільський
Чигиринський,провулок,Подільський
Чигоріна,вулиця,Печерський
Чистяківська,вулиця,Святошинський
Чистяківський,провулок,Святошинський
Чкалова,вулиця,Дарницький
Чоколівський,бульвар,Солом'янський
Чорнична (Озерна 8),вулиця,Дарницький
Чорнобильська,вулиця,Святошинський
Чорнобильський,провулок,Святошинський
Чорновола В'ячеслава,вулиця,Шевченківський
Чорногірська,вулиця,Печерський
Чорноморська,вулиця,Оболонський
Чугуївський ,провулок,Солом'янський
Чумака Василя,вулиця,Солом'янський
Чупринки Григорія,вулиця,Дніпровський
Чурилівська,вулиця,Деснянський
Шалетт Міста,вулиця,Дніпровський
Шамо Ігоря,бульвар,Дніпровський
Шахтарська,вулиця,Оболонський
Шевельова Юрія,вулиця,Дарницький
Шевченка,вулиця,Деснянський
Шевченка,вулиця,Солом'янський
Шевченка,провулок,Солом'янський
Шевченка,вулиця,Дарницький
Шевченка,провулок,Дарницький
Шевченка Тараса,бульвар,Шевченківський
Шевченка Тараса,провулок,Шевченківський
Шевченка Тараса,площа,Оболонський
Шепелєва Миколи,вулиця,Солом'янський
Шепетівська,вулиця,Святошинський
Шимановського Віталія,вулиця,Дніпровський
Широка,вулиця,Голосіївський
Шишкінський,провулок,Шевченківський
Шкільна,вулиця,Голосіївський
Шкільна,вулиця,Святошинський
Шкільна,вулиця,Солом'янський
Шкільна,вулиця,Дарницький
Шляховиків,вулиця,Дніпровський
Шляховиків,провулок,Дніпровський
Шмідта Отто,вулиця,Шевченківський
Шовковична,вулиця,Печерський
Шовкуненка,вулиця,Солом'янський
Шолом-Алейхема,вулиця,Деснянський
Шолуденка,вулиця,Шевченківський
Шоста,вулиця,Оболонський
Шпака Миколи,вулиця,Шевченківський
Шпильова,вулиця,Солом'янський
Шполянська,вулиця,Подільський
Шульгина Володимира,вулиця,Святошинський
Шульгина Якова,провулок,Святошинський
Шулявська,вулиця,Шевченківський
Шумського Юрія,вулиця,Дніпровський
Шутова Полковника,вулиця,Солом'янський
Щаслива,вулиця,Голосіївський
Щасливий,провулок,Дарницький
Щекавицька,площа,Подільський
Щекавицька,вулиця,Подільський
Щепкіна,вулиця,Дніпровський
Щербаківського Данила,вулиця,Шевченківський
Щоглівський,провулок,Голосіївський
Щусєва,вулиця,Шевченківський
Щусєва,провулок,Шевченківський
Юлаєва Салавата,вулиця,Голосіївський
Юнацька,вулиця,Святошинський
Юнацька,вулиця,Солом'янський
Юнкерова Миколи,вулиця,Оболонський
Юності,вулиця,Дніпровський
Юри Гната,вулиця,Святошинський
Юрівський,провулок,Голосіївський
Юрія Глушка,вулиця,Шевченківський
Юрія Іллєнка,вулиця,Шевченківський
Юрія Липи,вулиця,Дніпровський
Юрія Литвинського,вулиця,Дарницький
Юрія Немирича,вулиця,Голосіївський
Юрія Поправки,вулиця,Дніпровський
Юрківська,вулиця,Подільський
Юровської Ольги,вулиця,Голосіївський
Яблонської Тетяни,вулиця,Солом'янський
Яблочкова,вулиця,Подільський
Яблочкова,провулок,Подільський
Яблунева,вулиця,Солом'янський
Яблуневий,провулок,Солом'янський
Яворівський,провулок,Деснянський
Яворницького Дмитра,вулиця,Святошинський
Ягідна,вулиця,Голосіївський
Ягідний,провулок,Голосіївський
Яготинська,вулиця,Печерський
Якова Щоголева,провулок,Дарницький
Якуба Коласа,вулиця,Святошинський
Якубовских Родини,провулок,Голосіївський
Якубовського Маршала,вулиця,Голосіївський
Якутська,вулиця,Святошинський
Ялинкова,вулиця,Дарницький
Ялинковий,провулок,Дарницький
Ялинковий,провулок,Дарницький
Ялтинська,вулиця,Дарницький
Ямська,вулиця,Голосіївський
Яна Василя,вулиця,Голосіївський
Яна Райніса,вулиця,Солом'янський
Янгеля Академіка,вулиця,Солом'янський
Янки Купали,вулиця,Солом'янський
Янтарна,вулиця,Святошинський
Януша Корчака,вулиця,Шевченківський
Ярмоли Віктора,вулиця,Шевченківський
Яровий,провулок,Солом'янський
Ярослави Стецько,вулиця,Деснянський
Ярославів Вал,вулиця,Шевченківський
Ярославська,вулиця,Подільський
Ярославський,провулок,Подільський
Ясеневий,провулок,Печерський
Ясинуватський,провулок,Голосіївський
Яслинська,вулиця,Солом'янський
Ясна,вулиця,Солом'янський
Ясний,провулок,Солом'янський
Ясногірська,вулиця,Шевченківський
Яснополянська,вулиця,Святошинський
